show_id,type,title,director,cast,country,date_added,release_year,rating,duration,listed_in,description
s1,TV Show,Title 1,Director 1,,Japan,1-7-2017,2020,R,6 Seasons,"Romance, Fantasy",Description for Title 1
s2,Movie,Title 2,Director 2,"Actor 2, Actress 2",Germany,14-1-2015,1993,PG-13,134 min,"Romance, Sci-Fi",Description for Title 2
s3,TV Show,Title 3,Director 3,,United States,5-9-2022,2006,TV-MA,3 Seasons,"Documentary, Thriller",Description for Title 3
s4,Movie,Title 4,Director 4,"Actor 4, Actress 4",Spain,9-8-2024,2013,R,180 min,"Horror, Action",Description for Title 4
s5,TV Show,Title 5,Director 5,"Actor 5, Actress 5",Germany,17-6-2020,1990,G,7 Seasons,"Action, Adventure",Description for Title 5
s6,TV Show,Title 6,Director 6,"Actor 6, Actress 6",Spain,24-6-2020,2014,TV-14,9 Seasons,"Fantasy, Documentary",Description for Title 6
s7,Movie,Title 7,Director 7,"Actor 7, Actress 7",Spain,28-5-2019,2003,TV-MA,180 min,"Action, Crime",Description for Title 7
s8,TV Show,Title 8,Director 8,,Japan,13-5-2023,1998,PG,9 Seasons,"Fantasy, Thriller",Description for Title 8
s9,Movie,Title 9,,"Actor 9, Actress 9",Spain,3-11-2021,1995,PG,112 min,"Thriller, Adventure",Description for Title 9
s10,Movie,Title 10,Director 10,"Actor 10, Actress 10",India,12-11-2018,1999,PG-13,76 min,"Drama, Documentary",Description for Title 10
s11,Movie,Title 11,Director 11,"Actor 11, Actress 11",Spain,1-10-2023,2014,PG-13,78 min,"Thriller, Action",Description for Title 11
s12,Movie,Title 12,Director 12,"Actor 12, Actress 12",United Kingdom,27-3-2021,1992,PG-13,130 min,"Horror, Horror",Description for Title 12
s13,Movie,Title 13,Director 13,"Actor 13, Actress 13",Japan,24-5-2020,2020,G,109 min,"Adventure, Documentary",Description for Title 13
s14,TV Show,Title 14,,,United Kingdom,14-11-2019,2022,PG-13,9 Seasons,"Action, Adventure",Description for Title 14
s15,Movie,Title 15,,"Actor 15, Actress 15",Spain,13-5-2015,2001,TV-14,109 min,"Thriller, Thriller",Description for Title 15
s16,Movie,Title 16,Director 16,"Actor 16, Actress 16",South Korea,11-1-2023,2007,TV-MA,107 min,"Comedy, Drama",Description for Title 16
s17,TV Show,Title 17,Director 17,"Actor 17, Actress 17",India,22-5-2024,2010,TV-14,5 Seasons,"Horror, Comedy",Description for Title 17
s18,Movie,Title 18,Director 18,"Actor 18, Actress 18",Spain,28-11-2017,2023,G,107 min,"Romance, Drama",Description for Title 18
s19,TV Show,Title 19,Director 19,"Actor 19, Actress 19",South Korea,14-2-2024,2005,TV-MA,2 Seasons,"Romance, Thriller",Description for Title 19
s20,Movie,Title 20,Director 20,"Actor 20, Actress 20",Germany,6-4-2020,1990,TV-MA,79 min,"Thriller, Crime",Description for Title 20
s21,Movie,Title 21,Director 21,,Spain,23-12-2015,2023,PG-13,77 min,"Adventure, Horror",Description for Title 21
s22,TV Show,Title 22,,"Actor 22, Actress 22",Japan,6-6-2016,1995,G,7 Seasons,"Crime, Romance",Description for Title 22
s23,TV Show,Title 23,Director 23,"Actor 23, Actress 23",United States,26-3-2017,2000,PG,8 Seasons,"Adventure, Action",Description for Title 23
s24,TV Show,Title 24,Director 24,"Actor 24, Actress 24",Japan,17-7-2020,2002,PG-13,9 Seasons,"Horror, Horror",Description for Title 24
s25,TV Show,Title 25,,"Actor 25, Actress 25",Germany,20-2-2023,1992,R,3 Seasons,"Action, Adventure",Description for Title 25
s26,Movie,Title 26,Director 26,"Actor 26, Actress 26",United States,27-7-2018,2009,PG-13,135 min,"Horror, Fantasy",Description for Title 26
s27,TV Show,Title 27,Director 27,,India,16-12-2022,2020,TV-14,7 Seasons,"Crime, Comedy",Description for Title 27
s28,TV Show,Title 28,Director 28,"Actor 28, Actress 28",Germany,13-1-2016,2010,TV-14,3 Seasons,"Fantasy, Horror",Description for Title 28
s29,Movie,Title 29,Director 29,"Actor 29, Actress 29",United Kingdom,5-3-2020,2007,G,120 min,"Action, Romance",Description for Title 29
s30,Movie,Title 30,Director 30,"Actor 30, Actress 30",United States,24-4-2021,2003,PG-13,74 min,"Sci-Fi, Drama",Description for Title 30
s31,TV Show,Title 31,,,Japan,27-7-2020,2014,TV-MA,10 Seasons,"Thriller, Comedy",Description for Title 31
s32,Movie,Title 32,Director 32,"Actor 32, Actress 32",Germany,25-11-2020,1999,PG-13,171 min,"Horror, Sci-Fi",Description for Title 32
s33,Movie,Title 33,Director 33,"Actor 33, Actress 33",United Kingdom,23-7-2018,2007,PG,161 min,"Thriller, Comedy",Description for Title 33
s34,TV Show,Title 34,Director 34,"Actor 34, Actress 34",Japan,20-8-2023,2001,PG-13,4 Seasons,"Documentary, Adventure",Description for Title 34
s35,Movie,Title 35,,,Spain,21-11-2018,2002,G,159 min,"Sci-Fi, Sci-Fi",Description for Title 35
s36,Movie,Title 36,Director 36,"Actor 36, Actress 36",Spain,12-12-2021,2002,PG-13,67 min,"Crime, Drama",Description for Title 36
s37,TV Show,Title 37,Director 37,"Actor 37, Actress 37",Germany,27-9-2020,1999,PG-13,2 Seasons,"Fantasy, Drama",Description for Title 37
s38,Movie,Title 38,Director 38,"Actor 38, Actress 38",Germany,9-11-2020,2004,TV-14,153 min,"Documentary, Thriller",Description for Title 38
s39,TV Show,Title 39,Director 39,"Actor 39, Actress 39",India,26-10-2021,1998,G,1 Seasons,"Action, Documentary",Description for Title 39
s40,TV Show,Title 40,Director 40,,Canada,26-7-2023,2001,G,8 Seasons,"Documentary, Adventure",Description for Title 40
s41,TV Show,Title 41,,"Actor 41, Actress 41",Germany,16-9-2020,2020,TV-14,2 Seasons,"Romance, Horror",Description for Title 41
s42,TV Show,Title 42,Director 42,"Actor 42, Actress 42",South Korea,2-2-2019,2011,PG,9 Seasons,"Drama, Thriller",Description for Title 42
s43,TV Show,Title 43,,"Actor 43, Actress 43",Spain,18-3-2015,1998,R,8 Seasons,"Fantasy, Romance",Description for Title 43
s44,TV Show,Title 44,Director 44,"Actor 44, Actress 44",Canada,18-5-2015,2021,PG-13,5 Seasons,"Documentary, Fantasy",Description for Title 44
s45,TV Show,Title 45,Director 45,"Actor 45, Actress 45",South Korea,24-6-2022,2015,TV-MA,10 Seasons,"Horror, Fantasy",Description for Title 45
s46,TV Show,Title 46,,"Actor 46, Actress 46",Japan,2-4-2019,1991,TV-14,6 Seasons,"Horror, Crime",Description for Title 46
s47,Movie,Title 47,Director 47,"Actor 47, Actress 47",India,26-4-2018,2021,PG-13,141 min,"Sci-Fi, Fantasy",Description for Title 47
s48,TV Show,Title 48,Director 48,"Actor 48, Actress 48",South Korea,13-11-2021,1991,PG-13,2 Seasons,"Adventure, Action",Description for Title 48
s49,TV Show,Title 49,Director 49,"Actor 49, Actress 49",Canada,9-6-2015,1992,PG,8 Seasons,"Fantasy, Sci-Fi",Description for Title 49
s50,TV Show,Title 50,Director 50,"Actor 50, Actress 50",United States,11-2-2021,2021,PG,5 Seasons,"Drama, Adventure",Description for Title 50
s51,Movie,Title 51,,"Actor 51, Actress 51",South Korea,15-7-2021,2010,PG-13,118 min,"Drama, Adventure",Description for Title 51
s52,TV Show,Title 52,Director 52,"Actor 52, Actress 52",United Kingdom,28-7-2023,1997,R,3 Seasons,"Romance, Crime",Description for Title 52
s53,TV Show,Title 53,,"Actor 53, Actress 53",Spain,21-3-2017,2023,G,4 Seasons,"Crime, Fantasy",Description for Title 53
s54,TV Show,Title 54,Director 54,"Actor 54, Actress 54",Japan,5-1-2016,2021,PG,3 Seasons,"Sci-Fi, Drama",Description for Title 54
s55,Movie,Title 55,Director 55,"Actor 55, Actress 55",South Korea,17-2-2024,1991,TV-MA,127 min,"Romance, Comedy",Description for Title 55
s56,TV Show,Title 56,Director 56,"Actor 56, Actress 56",Japan,16-10-2021,2014,R,4 Seasons,"Horror, Action",Description for Title 56
s57,Movie,Title 57,,,Japan,12-8-2021,2003,R,119 min,"Comedy, Documentary",Description for Title 57
s58,TV Show,Title 58,,"Actor 58, Actress 58",United States,13-10-2024,2016,TV-14,3 Seasons,"Documentary, Action",Description for Title 58
s59,TV Show,Title 59,Director 59,"Actor 59, Actress 59",Spain,16-12-2021,2008,G,10 Seasons,"Adventure, Fantasy",Description for Title 59
s60,TV Show,Title 60,Director 60,"Actor 60, Actress 60",South Korea,18-10-2019,1990,PG-13,6 Seasons,"Action, Romance",Description for Title 60
s61,Movie,Title 61,Director 61,"Actor 61, Actress 61",Canada,12-2-2022,2000,R,119 min,"Fantasy, Crime",Description for Title 61
s62,Movie,Title 62,Director 62,"Actor 62, Actress 62",United States,27-2-2017,2011,R,167 min,"Comedy, Fantasy",Description for Title 62
s63,TV Show,Title 63,Director 63,"Actor 63, Actress 63",Canada,2-6-2021,1994,PG,1 Seasons,"Crime, Sci-Fi",Description for Title 63
s64,Movie,Title 64,Director 64,"Actor 64, Actress 64",Canada,5-7-2021,2023,TV-MA,117 min,"Fantasy, Sci-Fi",Description for Title 64
s65,TV Show,Title 65,Director 65,,United Kingdom,3-11-2020,2002,G,6 Seasons,"Thriller, Drama",Description for Title 65
s66,Movie,Title 66,Director 66,"Actor 66, Actress 66",Germany,18-10-2021,2001,PG,73 min,"Action, Horror",Description for Title 66
s67,TV Show,Title 67,Director 67,"Actor 67, Actress 67",Japan,3-11-2024,2010,G,1 Seasons,"Adventure, Thriller",Description for Title 67
s68,TV Show,Title 68,Director 68,"Actor 68, Actress 68",Canada,3-3-2018,1994,TV-14,9 Seasons,"Drama, Adventure",Description for Title 68
s69,TV Show,Title 69,Director 69,,United States,8-10-2024,2002,TV-MA,5 Seasons,"Thriller, Documentary",Description for Title 69
s70,Movie,Title 70,,"Actor 70, Actress 70",South Korea,13-8-2016,2022,TV-14,63 min,"Crime, Fantasy",Description for Title 70
s71,TV Show,Title 71,,"Actor 71, Actress 71",Spain,11-1-2020,2003,PG,3 Seasons,"Sci-Fi, Crime",Description for Title 71
s72,TV Show,Title 72,Director 72,"Actor 72, Actress 72",Japan,27-12-2024,1998,PG,6 Seasons,"Comedy, Thriller",Description for Title 72
s73,Movie,Title 73,Director 73,"Actor 73, Actress 73",India,22-12-2015,2016,PG-13,65 min,"Adventure, Horror",Description for Title 73
s74,Movie,Title 74,Director 74,"Actor 74, Actress 74",United States,1-5-2021,2008,PG-13,167 min,"Action, Fantasy",Description for Title 74
s75,Movie,Title 75,Director 75,"Actor 75, Actress 75",United States,26-9-2015,1991,PG,165 min,"Horror, Adventure",Description for Title 75
s76,TV Show,Title 76,Director 76,,Canada,4-8-2016,2006,PG-13,6 Seasons,"Comedy, Romance",Description for Title 76
s77,TV Show,Title 77,Director 77,"Actor 77, Actress 77",Japan,15-7-2015,2015,PG-13,6 Seasons,"Documentary, Thriller",Description for Title 77
s78,TV Show,Title 78,Director 78,"Actor 78, Actress 78",United States,21-6-2015,2000,PG,2 Seasons,"Comedy, Horror",Description for Title 78
s79,TV Show,Title 79,Director 79,"Actor 79, Actress 79",Canada,25-7-2020,2011,R,10 Seasons,"Documentary, Action",Description for Title 79
s80,Movie,Title 80,Director 80,"Actor 80, Actress 80",Japan,11-1-2019,1994,TV-14,134 min,"Drama, Fantasy",Description for Title 80
s81,TV Show,Title 81,Director 81,"Actor 81, Actress 81",Canada,9-11-2018,2016,G,7 Seasons,"Romance, Fantasy",Description for Title 81
s82,TV Show,Title 82,Director 82,"Actor 82, Actress 82",Germany,14-3-2015,2010,PG-13,9 Seasons,"Action, Horror",Description for Title 82
s83,TV Show,Title 83,,"Actor 83, Actress 83",India,4-9-2017,2009,R,1 Seasons,"Horror, Adventure",Description for Title 83
s84,TV Show,Title 84,Director 84,,Japan,17-9-2022,2021,TV-MA,10 Seasons,"Comedy, Documentary",Description for Title 84
s85,Movie,Title 85,Director 85,"Actor 85, Actress 85",Canada,10-1-2018,2001,TV-MA,100 min,"Horror, Action",Description for Title 85
s86,Movie,Title 86,Director 86,"Actor 86, Actress 86",Japan,15-12-2018,2007,G,128 min,"Fantasy, Thriller",Description for Title 86
s87,Movie,Title 87,Director 87,"Actor 87, Actress 87",India,3-11-2015,1990,G,90 min,"Thriller, Action",Description for Title 87
s88,Movie,Title 88,Director 88,"Actor 88, Actress 88",United Kingdom,17-4-2024,2000,R,124 min,"Drama, Sci-Fi",Description for Title 88
s89,TV Show,Title 89,Director 89,"Actor 89, Actress 89",United States,22-7-2017,1991,TV-MA,1 Seasons,"Crime, Crime",Description for Title 89
s90,TV Show,Title 90,,"Actor 90, Actress 90",Japan,18-11-2021,1996,G,4 Seasons,"Documentary, Thriller",Description for Title 90
s91,TV Show,Title 91,Director 91,"Actor 91, Actress 91",Germany,22-2-2021,2003,PG-13,3 Seasons,"Fantasy, Adventure",Description for Title 91
s92,TV Show,Title 92,Director 92,"Actor 92, Actress 92",Japan,7-3-2020,2013,PG-13,4 Seasons,"Action, Action",Description for Title 92
s93,Movie,Title 93,Director 93,"Actor 93, Actress 93",Japan,25-12-2015,2005,R,149 min,"Thriller, Sci-Fi",Description for Title 93
s94,TV Show,Title 94,Director 94,"Actor 94, Actress 94",United Kingdom,23-10-2015,2014,G,3 Seasons,"Action, Fantasy",Description for Title 94
s95,TV Show,Title 95,Director 95,"Actor 95, Actress 95",United States,6-10-2020,2020,PG,10 Seasons,"Thriller, Thriller",Description for Title 95
s96,Movie,Title 96,Director 96,"Actor 96, Actress 96",United Kingdom,11-2-2017,2009,R,126 min,"Documentary, Sci-Fi",Description for Title 96
s97,TV Show,Title 97,Director 97,"Actor 97, Actress 97",United States,20-8-2016,1992,PG,5 Seasons,"Drama, Action",Description for Title 97
s98,TV Show,Title 98,Director 98,"Actor 98, Actress 98",United States,2-3-2021,1999,G,7 Seasons,"Adventure, Horror",Description for Title 98
s99,TV Show,Title 99,Director 99,"Actor 99, Actress 99",India,10-12-2015,2003,TV-14,3 Seasons,"Romance, Sci-Fi",Description for Title 99
s100,Movie,Title 100,Director 100,"Actor 100, Actress 100",Canada,18-8-2022,2000,TV-MA,90 min,"Crime, Sci-Fi",Description for Title 100
s101,Movie,Title 101,Director 101,"Actor 101, Actress 101",India,23-7-2017,1993,TV-14,136 min,"Fantasy, Crime",Description for Title 101
s102,TV Show,Title 102,,"Actor 102, Actress 102",India,20-4-2016,2020,R,5 Seasons,"Crime, Sci-Fi",Description for Title 102
s103,Movie,Title 103,Director 103,"Actor 103, Actress 103",United Kingdom,18-1-2022,2024,TV-14,142 min,"Documentary, Crime",Description for Title 103
s104,TV Show,Title 104,Director 104,"Actor 104, Actress 104",Spain,14-10-2018,2001,TV-14,4 Seasons,"Romance, Drama",Description for Title 104
s105,TV Show,Title 105,,"Actor 105, Actress 105",Japan,3-7-2016,2010,R,1 Seasons,"Drama, Comedy",Description for Title 105
s106,TV Show,Title 106,Director 106,"Actor 106, Actress 106",South Korea,13-12-2017,2018,G,10 Seasons,"Action, Sci-Fi",Description for Title 106
s107,TV Show,Title 107,,"Actor 107, Actress 107",India,16-12-2015,2024,PG-13,2 Seasons,"Thriller, Fantasy",Description for Title 107
s108,Movie,Title 108,,"Actor 108, Actress 108",Canada,4-1-2017,2003,TV-MA,122 min,"Crime, Comedy",Description for Title 108
s109,TV Show,Title 109,Director 109,"Actor 109, Actress 109",Germany,11-4-2024,2024,G,4 Seasons,"Action, Adventure",Description for Title 109
s110,Movie,Title 110,Director 110,"Actor 110, Actress 110",Spain,13-7-2016,2010,TV-14,170 min,"Romance, Horror",Description for Title 110
s111,Movie,Title 111,,"Actor 111, Actress 111",United Kingdom,20-12-2019,2019,PG-13,149 min,"Romance, Adventure",Description for Title 111
s112,Movie,Title 112,Director 112,"Actor 112, Actress 112",United States,13-5-2022,2010,TV-14,161 min,"Documentary, Thriller",Description for Title 112
s113,TV Show,Title 113,,"Actor 113, Actress 113",South Korea,19-10-2024,2015,R,9 Seasons,"Romance, Documentary",Description for Title 113
s114,TV Show,Title 114,Director 114,,United States,24-3-2019,1994,R,5 Seasons,"Thriller, Documentary",Description for Title 114
s115,TV Show,Title 115,Director 115,"Actor 115, Actress 115",Germany,1-9-2015,2006,PG,1 Seasons,"Crime, Fantasy",Description for Title 115
s116,Movie,Title 116,Director 116,"Actor 116, Actress 116",United States,12-4-2019,2010,G,176 min,"Comedy, Action",Description for Title 116
s117,Movie,Title 117,Director 117,"Actor 117, Actress 117",United Kingdom,28-8-2016,2010,PG-13,142 min,"Crime, Adventure",Description for Title 117
s118,TV Show,Title 118,Director 118,"Actor 118, Actress 118",Spain,20-6-2017,2004,G,10 Seasons,"Fantasy, Comedy",Description for Title 118
s119,Movie,Title 119,Director 119,,United Kingdom,9-7-2017,1994,R,171 min,"Documentary, Romance",Description for Title 119
s120,Movie,Title 120,Director 120,"Actor 120, Actress 120",Germany,3-8-2017,2001,R,139 min,"Crime, Drama",Description for Title 120
s121,TV Show,Title 121,Director 121,"Actor 121, Actress 121",India,10-10-2018,1995,R,10 Seasons,"Horror, Thriller",Description for Title 121
s122,TV Show,Title 122,Director 122,"Actor 122, Actress 122",India,11-2-2017,1994,TV-MA,2 Seasons,"Adventure, Sci-Fi",Description for Title 122
s123,TV Show,Title 123,Director 123,"Actor 123, Actress 123",Spain,13-12-2022,2006,PG-13,3 Seasons,"Comedy, Documentary",Description for Title 123
s124,Movie,Title 124,Director 124,"Actor 124, Actress 124",Canada,8-8-2017,1994,TV-MA,91 min,"Crime, Horror",Description for Title 124
s125,Movie,Title 125,Director 125,"Actor 125, Actress 125",South Korea,2-6-2024,1992,TV-14,140 min,"Adventure, Crime",Description for Title 125
s126,Movie,Title 126,Director 126,"Actor 126, Actress 126",India,25-5-2017,2016,PG-13,176 min,"Thriller, Adventure",Description for Title 126
s127,Movie,Title 127,,"Actor 127, Actress 127",Japan,17-11-2017,1994,TV-MA,151 min,"Comedy, Drama",Description for Title 127
s128,TV Show,Title 128,Director 128,"Actor 128, Actress 128",United States,10-7-2024,1991,R,9 Seasons,"Documentary, Drama",Description for Title 128
s129,Movie,Title 129,Director 129,"Actor 129, Actress 129",United Kingdom,17-8-2018,2002,TV-14,159 min,"Documentary, Drama",Description for Title 129
s130,Movie,Title 130,Director 130,"Actor 130, Actress 130",Germany,28-10-2022,1995,TV-MA,147 min,"Comedy, Romance",Description for Title 130
s131,TV Show,Title 131,Director 131,"Actor 131, Actress 131",Canada,26-4-2018,2019,PG,10 Seasons,"Fantasy, Crime",Description for Title 131
s132,Movie,Title 132,Director 132,"Actor 132, Actress 132",South Korea,2-7-2020,2021,G,63 min,"Thriller, Comedy",Description for Title 132
s133,TV Show,Title 133,Director 133,"Actor 133, Actress 133",United States,28-10-2021,2012,PG-13,3 Seasons,"Adventure, Fantasy",Description for Title 133
s134,TV Show,Title 134,Director 134,"Actor 134, Actress 134",Canada,23-6-2023,2014,R,2 Seasons,"Action, Romance",Description for Title 134
s135,TV Show,Title 135,,"Actor 135, Actress 135",United Kingdom,10-5-2021,2006,R,6 Seasons,"Fantasy, Comedy",Description for Title 135
s136,Movie,Title 136,Director 136,"Actor 136, Actress 136",Spain,10-4-2015,1993,R,140 min,"Action, Comedy",Description for Title 136
s137,TV Show,Title 137,Director 137,"Actor 137, Actress 137",Japan,10-9-2015,2008,G,10 Seasons,"Horror, Thriller",Description for Title 137
s138,TV Show,Title 138,Director 138,"Actor 138, Actress 138",Germany,2-3-2024,2003,PG-13,5 Seasons,"Horror, Drama",Description for Title 138
s139,Movie,Title 139,Director 139,"Actor 139, Actress 139",United Kingdom,13-10-2022,1992,TV-MA,107 min,"Documentary, Romance",Description for Title 139
s140,TV Show,Title 140,Director 140,,Spain,4-12-2020,2020,TV-MA,4 Seasons,"Fantasy, Comedy",Description for Title 140
s141,Movie,Title 141,Director 141,"Actor 141, Actress 141",South Korea,11-11-2020,2014,PG,107 min,"Action, Thriller",Description for Title 141
s142,Movie,Title 142,Director 142,"Actor 142, Actress 142",South Korea,19-2-2015,2012,PG-13,144 min,"Sci-Fi, Fantasy",Description for Title 142
s143,TV Show,Title 143,Director 143,"Actor 143, Actress 143",United Kingdom,3-8-2019,2020,TV-14,5 Seasons,"Adventure, Drama",Description for Title 143
s144,Movie,Title 144,,"Actor 144, Actress 144",Japan,17-4-2017,1994,TV-14,152 min,"Documentary, Fantasy",Description for Title 144
s145,TV Show,Title 145,,"Actor 145, Actress 145",United Kingdom,23-1-2018,1990,R,5 Seasons,"Adventure, Documentary",Description for Title 145
s146,TV Show,Title 146,Director 146,"Actor 146, Actress 146",United Kingdom,2-6-2021,2024,TV-14,5 Seasons,"Sci-Fi, Drama",Description for Title 146
s147,Movie,Title 147,Director 147,,Canada,14-7-2020,2021,TV-14,69 min,"Horror, Thriller",Description for Title 147
s148,Movie,Title 148,Director 148,"Actor 148, Actress 148",United Kingdom,14-10-2018,2001,PG,82 min,"Fantasy, Drama",Description for Title 148
s149,TV Show,Title 149,,"Actor 149, Actress 149",South Korea,14-2-2020,2007,TV-MA,2 Seasons,"Adventure, Horror",Description for Title 149
s150,TV Show,Title 150,Director 150,"Actor 150, Actress 150",United States,21-12-2022,2015,TV-14,1 Seasons,"Horror, Adventure",Description for Title 150
s151,Movie,Title 151,,,United Kingdom,4-1-2024,2004,G,136 min,"Fantasy, Horror",Description for Title 151
s152,Movie,Title 152,Director 152,"Actor 152, Actress 152",Canada,11-8-2021,1999,TV-14,60 min,"Crime, Crime",Description for Title 152
s153,Movie,Title 153,Director 153,"Actor 153, Actress 153",Japan,18-9-2015,2022,TV-MA,153 min,"Documentary, Documentary",Description for Title 153
s154,TV Show,Title 154,Director 154,"Actor 154, Actress 154",Spain,6-9-2021,1997,TV-14,6 Seasons,"Horror, Romance",Description for Title 154
s155,TV Show,Title 155,,"Actor 155, Actress 155",South Korea,16-5-2021,2004,PG-13,9 Seasons,"Crime, Crime",Description for Title 155
s156,Movie,Title 156,,"Actor 156, Actress 156",India,3-5-2023,2015,R,77 min,"Documentary, Action",Description for Title 156
s157,Movie,Title 157,Director 157,,South Korea,15-11-2016,1992,G,146 min,"Sci-Fi, Romance",Description for Title 157
s158,TV Show,Title 158,Director 158,"Actor 158, Actress 158",South Korea,13-7-2018,2018,G,6 Seasons,"Action, Sci-Fi",Description for Title 158
s159,TV Show,Title 159,,,India,18-1-2020,1992,PG-13,9 Seasons,"Horror, Fantasy",Description for Title 159
s160,TV Show,Title 160,,"Actor 160, Actress 160",South Korea,21-6-2018,2014,TV-MA,10 Seasons,"Horror, Thriller",Description for Title 160
s161,Movie,Title 161,Director 161,"Actor 161, Actress 161",India,20-7-2018,1993,PG-13,166 min,"Drama, Thriller",Description for Title 161
s162,TV Show,Title 162,Director 162,"Actor 162, Actress 162",United States,14-3-2021,2021,PG,5 Seasons,"Adventure, Romance",Description for Title 162
s163,Movie,Title 163,Director 163,"Actor 163, Actress 163",Spain,10-10-2015,2009,R,94 min,"Comedy, Action",Description for Title 163
s164,Movie,Title 164,Director 164,"Actor 164, Actress 164",Canada,27-9-2024,2009,R,61 min,"Action, Crime",Description for Title 164
s165,Movie,Title 165,Director 165,"Actor 165, Actress 165",Germany,18-10-2016,2001,PG-13,120 min,"Thriller, Horror",Description for Title 165
s166,TV Show,Title 166,Director 166,"Actor 166, Actress 166",South Korea,13-6-2021,2012,TV-MA,3 Seasons,"Documentary, Thriller",Description for Title 166
s167,TV Show,Title 167,Director 167,"Actor 167, Actress 167",South Korea,19-1-2024,2015,PG-13,2 Seasons,"Drama, Thriller",Description for Title 167
s168,Movie,Title 168,Director 168,"Actor 168, Actress 168",Germany,14-6-2021,2021,G,134 min,"Drama, Romance",Description for Title 168
s169,TV Show,Title 169,Director 169,"Actor 169, Actress 169",South Korea,18-6-2019,2012,R,8 Seasons,"Thriller, Comedy",Description for Title 169
s170,Movie,Title 170,Director 170,"Actor 170, Actress 170",United States,28-1-2023,1993,PG,81 min,"Horror, Romance",Description for Title 170
s171,Movie,Title 171,Director 171,"Actor 171, Actress 171",Japan,17-12-2021,1990,PG-13,70 min,"Action, Romance",Description for Title 171
s172,TV Show,Title 172,Director 172,"Actor 172, Actress 172",Canada,16-12-2023,1995,G,8 Seasons,"Adventure, Crime",Description for Title 172
s173,Movie,Title 173,Director 173,,Canada,4-6-2022,2006,PG,163 min,"Comedy, Documentary",Description for Title 173
s174,Movie,Title 174,Director 174,"Actor 174, Actress 174",Canada,11-4-2021,2015,G,177 min,"Sci-Fi, Adventure",Description for Title 174
s175,Movie,Title 175,Director 175,"Actor 175, Actress 175",United States,28-1-2024,2009,TV-14,173 min,"Drama, Adventure",Description for Title 175
s176,TV Show,Title 176,Director 176,"Actor 176, Actress 176",Spain,17-5-2017,2011,TV-14,7 Seasons,"Romance, Sci-Fi",Description for Title 176
s177,Movie,Title 177,Director 177,"Actor 177, Actress 177",Spain,20-5-2021,2005,TV-MA,80 min,"Adventure, Romance",Description for Title 177
s178,TV Show,Title 178,,"Actor 178, Actress 178",Spain,8-5-2018,2018,PG-13,8 Seasons,"Adventure, Thriller",Description for Title 178
s179,Movie,Title 179,Director 179,"Actor 179, Actress 179",United Kingdom,3-8-2022,2023,PG,76 min,"Fantasy, Fantasy",Description for Title 179
s180,Movie,Title 180,Director 180,"Actor 180, Actress 180",Germany,27-10-2020,2024,TV-14,173 min,"Sci-Fi, Adventure",Description for Title 180
s181,TV Show,Title 181,,"Actor 181, Actress 181",South Korea,19-4-2017,2004,PG-13,9 Seasons,"Crime, Romance",Description for Title 181
s182,TV Show,Title 182,,"Actor 182, Actress 182",Spain,6-1-2016,2012,G,5 Seasons,"Crime, Drama",Description for Title 182
s183,TV Show,Title 183,Director 183,,Germany,18-2-2023,2020,TV-14,3 Seasons,"Action, Documentary",Description for Title 183
s184,TV Show,Title 184,,"Actor 184, Actress 184",South Korea,3-2-2020,1997,PG,6 Seasons,"Horror, Horror",Description for Title 184
s185,TV Show,Title 185,Director 185,"Actor 185, Actress 185",Canada,25-2-2021,2021,PG-13,8 Seasons,"Crime, Adventure",Description for Title 185
s186,Movie,Title 186,Director 186,,United States,23-4-2017,1990,PG-13,177 min,"Drama, Documentary",Description for Title 186
s187,TV Show,Title 187,Director 187,"Actor 187, Actress 187",United Kingdom,1-10-2023,2006,G,5 Seasons,"Action, Fantasy",Description for Title 187
s188,TV Show,Title 188,Director 188,"Actor 188, Actress 188",India,9-2-2023,2016,R,8 Seasons,"Drama, Action",Description for Title 188
s189,TV Show,Title 189,,"Actor 189, Actress 189",South Korea,20-5-2015,2018,TV-MA,6 Seasons,"Crime, Crime",Description for Title 189
s190,Movie,Title 190,Director 190,"Actor 190, Actress 190",Germany,27-3-2022,1997,G,67 min,"Crime, Fantasy",Description for Title 190
s191,TV Show,Title 191,Director 191,,Canada,16-7-2021,2013,PG-13,2 Seasons,"Action, Adventure",Description for Title 191
s192,Movie,Title 192,,"Actor 192, Actress 192",Canada,16-6-2019,2003,R,158 min,"Romance, Sci-Fi",Description for Title 192
s193,TV Show,Title 193,,,Japan,23-3-2015,1996,PG-13,1 Seasons,"Adventure, Crime",Description for Title 193
s194,Movie,Title 194,Director 194,"Actor 194, Actress 194",South Korea,7-12-2020,2014,PG-13,132 min,"Comedy, Comedy",Description for Title 194
s195,TV Show,Title 195,Director 195,,Spain,13-11-2024,2005,R,8 Seasons,"Horror, Crime",Description for Title 195
s196,Movie,Title 196,Director 196,"Actor 196, Actress 196",South Korea,25-8-2022,1998,TV-14,128 min,"Romance, Action",Description for Title 196
s197,TV Show,Title 197,Director 197,"Actor 197, Actress 197",Germany,6-3-2024,2020,G,7 Seasons,"Horror, Drama",Description for Title 197
s198,Movie,Title 198,Director 198,"Actor 198, Actress 198",South Korea,17-10-2018,2021,TV-MA,148 min,"Thriller, Documentary",Description for Title 198
s199,TV Show,Title 199,Director 199,,Spain,21-11-2024,2016,TV-MA,4 Seasons,"Drama, Documentary",Description for Title 199
s200,Movie,Title 200,,"Actor 200, Actress 200",India,2-9-2016,2000,R,147 min,"Romance, Comedy",Description for Title 200
s201,Movie,Title 201,,,United Kingdom,17-11-2023,1995,TV-14,89 min,"Documentary, Drama",Description for Title 201
s202,Movie,Title 202,Director 202,"Actor 202, Actress 202",United States,24-1-2023,2006,PG,85 min,"Crime, Adventure",Description for Title 202
s203,TV Show,Title 203,Director 203,,Germany,15-11-2016,2023,TV-MA,5 Seasons,"Sci-Fi, Adventure",Description for Title 203
s204,Movie,Title 204,Director 204,"Actor 204, Actress 204",United States,26-1-2022,1998,TV-14,64 min,"Romance, Horror",Description for Title 204
s205,Movie,Title 205,,"Actor 205, Actress 205",Germany,7-3-2015,1992,PG-13,72 min,"Comedy, Thriller",Description for Title 205
s206,Movie,Title 206,Director 206,"Actor 206, Actress 206",India,22-5-2017,2016,PG,72 min,"Romance, Comedy",Description for Title 206
s207,Movie,Title 207,Director 207,"Actor 207, Actress 207",United States,1-4-2020,2014,R,101 min,"Horror, Documentary",Description for Title 207
s208,TV Show,Title 208,Director 208,"Actor 208, Actress 208",Canada,27-8-2019,2001,TV-MA,2 Seasons,"Action, Romance",Description for Title 208
s209,Movie,Title 209,,"Actor 209, Actress 209",Spain,12-5-2022,1998,R,100 min,"Comedy, Horror",Description for Title 209
s210,Movie,Title 210,Director 210,"Actor 210, Actress 210",Canada,24-4-2019,2010,PG,106 min,"Thriller, Action",Description for Title 210
s211,Movie,Title 211,Director 211,,United Kingdom,23-3-2019,2010,R,175 min,"Sci-Fi, Drama",Description for Title 211
s212,Movie,Title 212,Director 212,"Actor 212, Actress 212",Canada,9-12-2021,2008,PG-13,157 min,"Romance, Fantasy",Description for Title 212
s213,TV Show,Title 213,Director 213,"Actor 213, Actress 213",United States,18-4-2020,1998,PG,3 Seasons,"Drama, Drama",Description for Title 213
s214,Movie,Title 214,Director 214,"Actor 214, Actress 214",India,14-3-2020,2007,PG,154 min,"Action, Horror",Description for Title 214
s215,TV Show,Title 215,Director 215,"Actor 215, Actress 215",United States,1-5-2021,2006,G,7 Seasons,"Documentary, Sci-Fi",Description for Title 215
s216,Movie,Title 216,Director 216,"Actor 216, Actress 216",Germany,5-8-2018,2017,TV-MA,77 min,"Crime, Thriller",Description for Title 216
s217,Movie,Title 217,Director 217,,Canada,8-1-2023,1990,PG,61 min,"Drama, Drama",Description for Title 217
s218,TV Show,Title 218,Director 218,"Actor 218, Actress 218",South Korea,13-5-2020,1998,TV-14,3 Seasons,"Drama, Sci-Fi",Description for Title 218
s219,TV Show,Title 219,Director 219,"Actor 219, Actress 219",Germany,17-5-2023,2012,PG,6 Seasons,"Drama, Action",Description for Title 219
s220,Movie,Title 220,Director 220,"Actor 220, Actress 220",United States,16-10-2021,2006,TV-MA,161 min,"Sci-Fi, Fantasy",Description for Title 220
s221,TV Show,Title 221,Director 221,"Actor 221, Actress 221",Japan,17-12-2016,2004,PG,7 Seasons,"Fantasy, Drama",Description for Title 221
s222,TV Show,Title 222,Director 222,"Actor 222, Actress 222",Germany,22-3-2021,1993,PG,8 Seasons,"Adventure, Thriller",Description for Title 222
s223,TV Show,Title 223,,"Actor 223, Actress 223",United Kingdom,14-5-2018,1998,TV-14,9 Seasons,"Adventure, Sci-Fi",Description for Title 223
s224,Movie,Title 224,Director 224,"Actor 224, Actress 224",South Korea,27-10-2021,1998,PG-13,173 min,"Action, Comedy",Description for Title 224
s225,Movie,Title 225,Director 225,"Actor 225, Actress 225",Japan,7-3-2020,1992,R,172 min,"Horror, Documentary",Description for Title 225
s226,Movie,Title 226,Director 226,"Actor 226, Actress 226",Japan,14-1-2021,2006,TV-14,154 min,"Fantasy, Crime",Description for Title 226
s227,Movie,Title 227,Director 227,,Germany,20-10-2019,1991,PG-13,133 min,"Adventure, Adventure",Description for Title 227
s228,Movie,Title 228,Director 228,"Actor 228, Actress 228",Canada,25-11-2017,1990,PG,123 min,"Action, Drama",Description for Title 228
s229,Movie,Title 229,Director 229,,Germany,14-1-2021,2013,TV-14,107 min,"Romance, Documentary",Description for Title 229
s230,TV Show,Title 230,Director 230,"Actor 230, Actress 230",United Kingdom,1-7-2023,2017,PG-13,2 Seasons,"Romance, Comedy",Description for Title 230
s231,Movie,Title 231,Director 231,"Actor 231, Actress 231",Japan,25-2-2023,2008,R,163 min,"Adventure, Crime",Description for Title 231
s232,TV Show,Title 232,Director 232,"Actor 232, Actress 232",Spain,8-9-2024,1994,TV-MA,1 Seasons,"Romance, Comedy",Description for Title 232
s233,Movie,Title 233,,"Actor 233, Actress 233",Canada,16-12-2016,2018,TV-MA,112 min,"Crime, Documentary",Description for Title 233
s234,Movie,Title 234,Director 234,"Actor 234, Actress 234",Japan,25-2-2018,2003,G,111 min,"Comedy, Drama",Description for Title 234
s235,Movie,Title 235,Director 235,"Actor 235, Actress 235",United Kingdom,21-8-2023,2015,PG,64 min,"Horror, Horror",Description for Title 235
s236,Movie,Title 236,Director 236,"Actor 236, Actress 236",Japan,16-10-2015,2004,TV-14,75 min,"Fantasy, Romance",Description for Title 236
s237,Movie,Title 237,Director 237,"Actor 237, Actress 237",Spain,19-8-2015,1995,PG-13,99 min,"Comedy, Horror",Description for Title 237
s238,Movie,Title 238,Director 238,"Actor 238, Actress 238",India,19-8-2019,2007,PG,91 min,"Horror, Adventure",Description for Title 238
s239,Movie,Title 239,Director 239,"Actor 239, Actress 239",Germany,25-8-2018,1995,R,139 min,"Documentary, Thriller",Description for Title 239
s240,Movie,Title 240,Director 240,"Actor 240, Actress 240",South Korea,8-12-2017,2022,PG-13,131 min,"Romance, Adventure",Description for Title 240
s241,TV Show,Title 241,Director 241,"Actor 241, Actress 241",Canada,15-1-2017,1998,PG-13,9 Seasons,"Sci-Fi, Documentary",Description for Title 241
s242,Movie,Title 242,Director 242,"Actor 242, Actress 242",United States,17-10-2024,2009,TV-14,74 min,"Drama, Comedy",Description for Title 242
s243,Movie,Title 243,Director 243,"Actor 243, Actress 243",Japan,15-4-2020,2007,PG-13,89 min,"Drama, Documentary",Description for Title 243
s244,Movie,Title 244,Director 244,"Actor 244, Actress 244",South Korea,2-7-2015,2001,PG,104 min,"Horror, Comedy",Description for Title 244
s245,Movie,Title 245,Director 245,"Actor 245, Actress 245",India,5-10-2015,2008,PG,115 min,"Crime, Documentary",Description for Title 245
s246,Movie,Title 246,Director 246,"Actor 246, Actress 246",India,16-8-2015,2012,TV-14,81 min,"Comedy, Thriller",Description for Title 246
s247,Movie,Title 247,Director 247,"Actor 247, Actress 247",Germany,15-6-2021,2016,PG,149 min,"Comedy, Adventure",Description for Title 247
s248,TV Show,Title 248,Director 248,"Actor 248, Actress 248",India,22-12-2022,2005,PG,7 Seasons,"Sci-Fi, Romance",Description for Title 248
s249,TV Show,Title 249,Director 249,"Actor 249, Actress 249",Japan,4-11-2021,2009,R,10 Seasons,"Fantasy, Comedy",Description for Title 249
s250,TV Show,Title 250,Director 250,"Actor 250, Actress 250",India,19-8-2016,2018,R,9 Seasons,"Adventure, Fantasy",Description for Title 250
s251,TV Show,Title 251,,"Actor 251, Actress 251",Japan,7-4-2023,1992,G,5 Seasons,"Comedy, Thriller",Description for Title 251
s252,Movie,Title 252,,"Actor 252, Actress 252",Japan,4-6-2019,1999,G,180 min,"Fantasy, Comedy",Description for Title 252
s253,Movie,Title 253,Director 253,"Actor 253, Actress 253",Japan,20-8-2017,2005,G,178 min,"Crime, Thriller",Description for Title 253
s254,Movie,Title 254,Director 254,"Actor 254, Actress 254",United Kingdom,28-3-2023,1998,G,164 min,"Comedy, Documentary",Description for Title 254
s255,Movie,Title 255,,"Actor 255, Actress 255",India,24-7-2023,2023,R,141 min,"Adventure, Crime",Description for Title 255
s256,Movie,Title 256,Director 256,"Actor 256, Actress 256",Germany,14-4-2023,1993,TV-MA,70 min,"Crime, Sci-Fi",Description for Title 256
s257,Movie,Title 257,Director 257,"Actor 257, Actress 257",Canada,26-9-2016,1992,G,63 min,"Sci-Fi, Sci-Fi",Description for Title 257
s258,Movie,Title 258,Director 258,"Actor 258, Actress 258",Japan,23-7-2015,2014,TV-MA,133 min,"Documentary, Thriller",Description for Title 258
s259,TV Show,Title 259,Director 259,,Canada,25-3-2017,2000,PG,7 Seasons,"Adventure, Sci-Fi",Description for Title 259
s260,Movie,Title 260,Director 260,"Actor 260, Actress 260",India,9-4-2016,2011,R,152 min,"Crime, Drama",Description for Title 260
s261,TV Show,Title 261,Director 261,"Actor 261, Actress 261",United Kingdom,4-3-2018,1991,G,1 Seasons,"Fantasy, Documentary",Description for Title 261
s262,TV Show,Title 262,Director 262,,United States,20-2-2020,1998,TV-MA,2 Seasons,"Horror, Comedy",Description for Title 262
s263,TV Show,Title 263,,,United Kingdom,22-1-2018,1993,TV-14,2 Seasons,"Fantasy, Drama",Description for Title 263
s264,TV Show,Title 264,Director 264,"Actor 264, Actress 264",Germany,15-3-2015,1991,PG-13,6 Seasons,"Sci-Fi, Adventure",Description for Title 264
s265,Movie,Title 265,Director 265,,United States,16-5-2021,2018,PG-13,139 min,"Romance, Horror",Description for Title 265
s266,Movie,Title 266,Director 266,"Actor 266, Actress 266",South Korea,23-3-2016,2019,TV-MA,113 min,"Adventure, Horror",Description for Title 266
s267,TV Show,Title 267,Director 267,"Actor 267, Actress 267",United Kingdom,13-4-2015,2012,PG,5 Seasons,"Crime, Sci-Fi",Description for Title 267
s268,Movie,Title 268,Director 268,"Actor 268, Actress 268",United Kingdom,5-2-2024,2015,PG,132 min,"Horror, Sci-Fi",Description for Title 268
s269,TV Show,Title 269,,"Actor 269, Actress 269",Canada,27-5-2023,2014,TV-14,8 Seasons,"Romance, Comedy",Description for Title 269
s270,TV Show,Title 270,Director 270,"Actor 270, Actress 270",Spain,14-4-2017,2005,PG-13,8 Seasons,"Sci-Fi, Sci-Fi",Description for Title 270
s271,Movie,Title 271,Director 271,"Actor 271, Actress 271",Germany,8-10-2017,2003,G,65 min,"Romance, Romance",Description for Title 271
s272,TV Show,Title 272,,"Actor 272, Actress 272",Canada,27-9-2017,2024,PG-13,8 Seasons,"Drama, Romance",Description for Title 272
s273,TV Show,Title 273,Director 273,"Actor 273, Actress 273",Canada,8-2-2024,1993,PG-13,6 Seasons,"Drama, Fantasy",Description for Title 273
s274,TV Show,Title 274,Director 274,"Actor 274, Actress 274",Spain,23-4-2019,1998,TV-MA,6 Seasons,"Romance, Thriller",Description for Title 274
s275,TV Show,Title 275,Director 275,"Actor 275, Actress 275",Japan,8-2-2016,2014,PG-13,9 Seasons,"Adventure, Adventure",Description for Title 275
s276,Movie,Title 276,,"Actor 276, Actress 276",Canada,2-5-2016,2010,TV-MA,110 min,"Drama, Thriller",Description for Title 276
s277,TV Show,Title 277,Director 277,"Actor 277, Actress 277",Japan,3-12-2022,2016,PG-13,4 Seasons,"Romance, Horror",Description for Title 277
s278,TV Show,Title 278,Director 278,"Actor 278, Actress 278",United Kingdom,28-7-2019,1991,PG-13,4 Seasons,"Drama, Adventure",Description for Title 278
s279,Movie,Title 279,Director 279,"Actor 279, Actress 279",Japan,11-1-2023,2007,G,65 min,"Romance, Sci-Fi",Description for Title 279
s280,Movie,Title 280,Director 280,"Actor 280, Actress 280",United States,8-4-2023,2000,PG,127 min,"Crime, Documentary",Description for Title 280
s281,TV Show,Title 281,,"Actor 281, Actress 281",Germany,4-7-2019,2018,TV-MA,10 Seasons,"Adventure, Comedy",Description for Title 281
s282,TV Show,Title 282,Director 282,"Actor 282, Actress 282",Canada,1-6-2021,2009,G,10 Seasons,"Documentary, Crime",Description for Title 282
s283,TV Show,Title 283,Director 283,,United States,8-8-2018,2019,G,7 Seasons,"Adventure, Comedy",Description for Title 283
s284,Movie,Title 284,Director 284,"Actor 284, Actress 284",Spain,2-12-2022,1994,TV-14,64 min,"Romance, Comedy",Description for Title 284
s285,TV Show,Title 285,Director 285,"Actor 285, Actress 285",India,24-11-2017,1993,R,9 Seasons,"Documentary, Thriller",Description for Title 285
s286,Movie,Title 286,Director 286,"Actor 286, Actress 286",Canada,23-3-2020,2024,TV-14,102 min,"Adventure, Documentary",Description for Title 286
s287,Movie,Title 287,Director 287,"Actor 287, Actress 287",Canada,9-12-2023,1990,R,127 min,"Thriller, Thriller",Description for Title 287
s288,TV Show,Title 288,Director 288,"Actor 288, Actress 288",United Kingdom,8-1-2022,2024,PG,5 Seasons,"Sci-Fi, Thriller",Description for Title 288
s289,TV Show,Title 289,Director 289,"Actor 289, Actress 289",United States,6-3-2022,2013,R,6 Seasons,"Romance, Fantasy",Description for Title 289
s290,TV Show,Title 290,Director 290,,United States,11-11-2016,2005,TV-14,7 Seasons,"Sci-Fi, Thriller",Description for Title 290
s291,Movie,Title 291,Director 291,"Actor 291, Actress 291",Japan,16-4-2017,1993,PG-13,168 min,"Romance, Horror",Description for Title 291
s292,TV Show,Title 292,Director 292,"Actor 292, Actress 292",United Kingdom,4-8-2016,2018,PG,10 Seasons,"Action, Documentary",Description for Title 292
s293,Movie,Title 293,Director 293,"Actor 293, Actress 293",South Korea,23-4-2015,1990,PG-13,133 min,"Crime, Sci-Fi",Description for Title 293
s294,TV Show,Title 294,Director 294,,Germany,3-4-2017,2008,TV-MA,4 Seasons,"Sci-Fi, Horror",Description for Title 294
s295,TV Show,Title 295,Director 295,"Actor 295, Actress 295",India,19-3-2015,1999,R,7 Seasons,"Thriller, Thriller",Description for Title 295
s296,Movie,Title 296,Director 296,"Actor 296, Actress 296",United States,22-9-2016,2008,G,163 min,"Drama, Crime",Description for Title 296
s297,TV Show,Title 297,Director 297,"Actor 297, Actress 297",South Korea,8-2-2021,2014,R,8 Seasons,"Thriller, Sci-Fi",Description for Title 297
s298,Movie,Title 298,Director 298,"Actor 298, Actress 298",Japan,28-6-2019,1991,TV-MA,79 min,"Comedy, Thriller",Description for Title 298
s299,TV Show,Title 299,Director 299,"Actor 299, Actress 299",Canada,25-5-2021,1992,PG-13,4 Seasons,"Documentary, Adventure",Description for Title 299
s300,TV Show,Title 300,Director 300,"Actor 300, Actress 300",United Kingdom,1-5-2017,2013,R,2 Seasons,"Sci-Fi, Romance",Description for Title 300
