show_id,type,title,director,cast,country,date_added,release_year,rating,duration,listed_in,description,duration_clean,duration_type
s1,TV Show,Title 1,Director 1,Unknown,Japan,07-01-2017 00:00,2020,R,6 Seasons,"Romance, Fantasy",Description for Title 1,6,Seasons
s2,Movie,Title 2,Director 2,"Actor 2, Actress 2",Germany,Not Available,1993,PG-13,134 min,"Romance, Sci-Fi",Description for Title 2,134,Minutes
s3,TV Show,Title 3,Director 3,Unknown,United States,09-05-2022 00:00,2006,TV-MA,3 Seasons,"Documentary, Thriller",Description for Title 3,3,Seasons
s4,Movie,Title 4,Director 4,"Actor 4, Actress 4",Spain,08-09-2024 00:00,2013,R,180 min,"Horror, Action",Description for Title 4,180,Minutes
s5,TV Show,Title 5,Director 5,"Actor 5, Actress 5",Germany,Not Available,1990,G,7 Seasons,"Action, Adventure",Description for Title 5,7,Seasons
s6,TV Show,Title 6,Director 6,"Actor 6, Actress 6",Spain,Not Available,2014,TV-14,9 Seasons,"Fantasy, Documentary",Description for Title 6,9,Seasons
s7,Movie,Title 7,Director 7,"Actor 7, Actress 7",Spain,Not Available,2003,TV-MA,180 min,"Action, Crime",Description for Title 7,180,Minutes
s8,TV Show,Title 8,Director 8,Unknown,Japan,Not Available,1998,PG,9 Seasons,"Fantasy, Thriller",Description for Title 8,9,Seasons
s9,Movie,Title 9,Unknown,"Actor 9, Actress 9",Spain,11-03-2021 00:00,1995,PG,112 min,"Thriller, Adventure",Description for Title 9,112,Minutes
s10,Movie,Title 10,Director 10,"Actor 10, Actress 10",India,11-12-2018 00:00,1999,PG-13,76 min,"Drama, Documentary",Description for Title 10,76,Minutes
s11,Movie,Title 11,Director 11,"Actor 11, Actress 11",Spain,10-01-2023 00:00,2014,PG-13,78 min,"Thriller, Action",Description for Title 11,78,Minutes
s12,Movie,Title 12,Director 12,"Actor 12, Actress 12",United Kingdom,Not Available,1992,PG-13,130 min,"Horror, Horror",Description for Title 12,130,Minutes
s13,Movie,Title 13,Director 13,"Actor 13, Actress 13",Japan,Not Available,2020,G,109 min,"Adventure, Documentary",Description for Title 13,109,Minutes
s14,TV Show,Title 14,Unknown,Unknown,United Kingdom,Not Available,2022,PG-13,9 Seasons,"Action, Adventure",Description for Title 14,9,Seasons
s15,Movie,Title 15,Unknown,"Actor 15, Actress 15",Spain,Not Available,2001,TV-14,109 min,"Thriller, Thriller",Description for Title 15,109,Minutes
s16,Movie,Title 16,Director 16,"Actor 16, Actress 16",South Korea,01-11-2023 00:00,2007,TV-MA,107 min,"Comedy, Drama",Description for Title 16,107,Minutes
s17,TV Show,Title 17,Director 17,"Actor 17, Actress 17",India,Not Available,2010,TV-14,5 Seasons,"Horror, Comedy",Description for Title 17,5,Seasons
s18,Movie,Title 18,Director 18,"Actor 18, Actress 18",Spain,Not Available,2023,G,107 min,"Romance, Drama",Description for Title 18,107,Minutes
s19,TV Show,Title 19,Director 19,"Actor 19, Actress 19",South Korea,Not Available,2005,TV-MA,2 Seasons,"Romance, Thriller",Description for Title 19,2,Seasons
s20,Movie,Title 20,Director 20,"Actor 20, Actress 20",Germany,04-06-2020 00:00,1990,TV-MA,79 min,"Thriller, Crime",Description for Title 20,79,Minutes
s21,Movie,Title 21,Director 21,Unknown,Spain,Not Available,2023,PG-13,77 min,"Adventure, Horror",Description for Title 21,77,Minutes
s22,TV Show,Title 22,Unknown,"Actor 22, Actress 22",Japan,06-06-2016 00:00,1995,G,7 Seasons,"Crime, Romance",Description for Title 22,7,Seasons
s23,TV Show,Title 23,Director 23,"Actor 23, Actress 23",United States,Not Available,2000,PG,8 Seasons,"Adventure, Action",Description for Title 23,8,Seasons
s24,TV Show,Title 24,Director 24,"Actor 24, Actress 24",Japan,Not Available,2002,PG-13,9 Seasons,"Horror, Horror",Description for Title 24,9,Seasons
s25,TV Show,Title 25,Unknown,"Actor 25, Actress 25",Germany,Not Available,1992,R,3 Seasons,"Action, Adventure",Description for Title 25,3,Seasons
s26,Movie,Title 26,Director 26,"Actor 26, Actress 26",United States,Not Available,2009,PG-13,135 min,"Horror, Fantasy",Description for Title 26,135,Minutes
s27,TV Show,Title 27,Director 27,Unknown,India,Not Available,2020,TV-14,7 Seasons,"Crime, Comedy",Description for Title 27,7,Seasons
s28,TV Show,Title 28,Director 28,"Actor 28, Actress 28",Germany,Not Available,2010,TV-14,3 Seasons,"Fantasy, Horror",Description for Title 28,3,Seasons
s29,Movie,Title 29,Director 29,"Actor 29, Actress 29",United Kingdom,03-05-2020 00:00,2007,G,120 min,"Action, Romance",Description for Title 29,120,Minutes
s30,Movie,Title 30,Director 30,"Actor 30, Actress 30",United States,Not Available,2003,PG-13,74 min,"Sci-Fi, Drama",Description for Title 30,74,Minutes
s31,TV Show,Title 31,Unknown,Unknown,Japan,Not Available,2014,TV-MA,10 Seasons,"Thriller, Comedy",Description for Title 31,10,Seasons
s32,Movie,Title 32,Director 32,"Actor 32, Actress 32",Germany,Not Available,1999,PG-13,171 min,"Horror, Sci-Fi",Description for Title 32,171,Minutes
s33,Movie,Title 33,Director 33,"Actor 33, Actress 33",United Kingdom,Not Available,2007,PG,161 min,"Thriller, Comedy",Description for Title 33,161,Minutes
s34,TV Show,Title 34,Director 34,"Actor 34, Actress 34",Japan,Not Available,2001,PG-13,4 Seasons,"Documentary, Adventure",Description for Title 34,4,Seasons
s35,Movie,Title 35,Unknown,Unknown,Spain,Not Available,2002,G,159 min,"Sci-Fi, Sci-Fi",Description for Title 35,159,Minutes
s36,Movie,Title 36,Director 36,"Actor 36, Actress 36",Spain,12-12-2021 00:00,2002,PG-13,67 min,"Crime, Drama",Description for Title 36,67,Minutes
s37,TV Show,Title 37,Director 37,"Actor 37, Actress 37",Germany,Not Available,1999,PG-13,2 Seasons,"Fantasy, Drama",Description for Title 37,2,Seasons
s38,Movie,Title 38,Director 38,"Actor 38, Actress 38",Germany,11-09-2020 00:00,2004,TV-14,153 min,"Documentary, Thriller",Description for Title 38,153,Minutes
s39,TV Show,Title 39,Director 39,"Actor 39, Actress 39",India,Not Available,1998,G,1 Seasons,"Action, Documentary",Description for Title 39,1,Seasons
s40,TV Show,Title 40,Director 40,Unknown,Canada,Not Available,2001,G,8 Seasons,"Documentary, Adventure",Description for Title 40,8,Seasons
s41,TV Show,Title 41,Unknown,"Actor 41, Actress 41",Germany,Not Available,2020,TV-14,2 Seasons,"Romance, Horror",Description for Title 41,2,Seasons
s42,TV Show,Title 42,Director 42,"Actor 42, Actress 42",South Korea,02-02-2019 00:00,2011,PG,9 Seasons,"Drama, Thriller",Description for Title 42,9,Seasons
s43,TV Show,Title 43,Unknown,"Actor 43, Actress 43",Spain,Not Available,1998,R,8 Seasons,"Fantasy, Romance",Description for Title 43,8,Seasons
s44,TV Show,Title 44,Director 44,"Actor 44, Actress 44",Canada,Not Available,2021,PG-13,5 Seasons,"Documentary, Fantasy",Description for Title 44,5,Seasons
s45,TV Show,Title 45,Director 45,"Actor 45, Actress 45",South Korea,Not Available,2015,TV-MA,10 Seasons,"Horror, Fantasy",Description for Title 45,10,Seasons
s46,TV Show,Title 46,Unknown,"Actor 46, Actress 46",Japan,04-02-2019 00:00,1991,TV-14,6 Seasons,"Horror, Crime",Description for Title 46,6,Seasons
s47,Movie,Title 47,Director 47,"Actor 47, Actress 47",India,Not Available,2021,PG-13,141 min,"Sci-Fi, Fantasy",Description for Title 47,141,Minutes
s48,TV Show,Title 48,Director 48,"Actor 48, Actress 48",South Korea,Not Available,1991,PG-13,2 Seasons,"Adventure, Action",Description for Title 48,2,Seasons
s49,TV Show,Title 49,Director 49,"Actor 49, Actress 49",Canada,06-09-2015 00:00,1992,PG,8 Seasons,"Fantasy, Sci-Fi",Description for Title 49,8,Seasons
s50,TV Show,Title 50,Director 50,"Actor 50, Actress 50",United States,02-11-2021 00:00,2021,PG,5 Seasons,"Drama, Adventure",Description for Title 50,5,Seasons
s51,Movie,Title 51,Unknown,"Actor 51, Actress 51",South Korea,Not Available,2010,PG-13,118 min,"Drama, Adventure",Description for Title 51,118,Minutes
s52,TV Show,Title 52,Director 52,"Actor 52, Actress 52",United Kingdom,Not Available,1997,R,3 Seasons,"Romance, Crime",Description for Title 52,3,Seasons
s53,TV Show,Title 53,Unknown,"Actor 53, Actress 53",Spain,Not Available,2023,G,4 Seasons,"Crime, Fantasy",Description for Title 53,4,Seasons
s54,TV Show,Title 54,Director 54,"Actor 54, Actress 54",Japan,01-05-2016 00:00,2021,PG,3 Seasons,"Sci-Fi, Drama",Description for Title 54,3,Seasons
s55,Movie,Title 55,Director 55,"Actor 55, Actress 55",South Korea,Not Available,1991,TV-MA,127 min,"Romance, Comedy",Description for Title 55,127,Minutes
s56,TV Show,Title 56,Director 56,"Actor 56, Actress 56",Japan,Not Available,2014,R,4 Seasons,"Horror, Action",Description for Title 56,4,Seasons
s57,Movie,Title 57,Unknown,Unknown,Japan,08-12-2021 00:00,2003,R,119 min,"Comedy, Documentary",Description for Title 57,119,Minutes
s58,TV Show,Title 58,Unknown,"Actor 58, Actress 58",United States,Not Available,2016,TV-14,3 Seasons,"Documentary, Action",Description for Title 58,3,Seasons
s59,TV Show,Title 59,Director 59,"Actor 59, Actress 59",Spain,Not Available,2008,G,10 Seasons,"Adventure, Fantasy",Description for Title 59,10,Seasons
s60,TV Show,Title 60,Director 60,"Actor 60, Actress 60",South Korea,Not Available,1990,PG-13,6 Seasons,"Action, Romance",Description for Title 60,6,Seasons
s61,Movie,Title 61,Director 61,"Actor 61, Actress 61",Canada,02-12-2022 00:00,2000,R,119 min,"Fantasy, Crime",Description for Title 61,119,Minutes
s62,Movie,Title 62,Director 62,"Actor 62, Actress 62",United States,Not Available,2011,R,167 min,"Comedy, Fantasy",Description for Title 62,167,Minutes
s63,TV Show,Title 63,Director 63,"Actor 63, Actress 63",Canada,06-02-2021 00:00,1994,PG,1 Seasons,"Crime, Sci-Fi",Description for Title 63,1,Seasons
s64,Movie,Title 64,Director 64,"Actor 64, Actress 64",Canada,07-05-2021 00:00,2023,TV-MA,117 min,"Fantasy, Sci-Fi",Description for Title 64,117,Minutes
s65,TV Show,Title 65,Director 65,Unknown,United Kingdom,11-03-2020 00:00,2002,G,6 Seasons,"Thriller, Drama",Description for Title 65,6,Seasons
s66,Movie,Title 66,Director 66,"Actor 66, Actress 66",Germany,Not Available,2001,PG,73 min,"Action, Horror",Description for Title 66,73,Minutes
s67,TV Show,Title 67,Director 67,"Actor 67, Actress 67",Japan,11-03-2024 00:00,2010,G,1 Seasons,"Adventure, Thriller",Description for Title 67,1,Seasons
s68,TV Show,Title 68,Director 68,"Actor 68, Actress 68",Canada,03-03-2018 00:00,1994,TV-14,9 Seasons,"Drama, Adventure",Description for Title 68,9,Seasons
s69,TV Show,Title 69,Director 69,Unknown,United States,10-08-2024 00:00,2002,TV-MA,5 Seasons,"Thriller, Documentary",Description for Title 69,5,Seasons
s70,Movie,Title 70,Unknown,"Actor 70, Actress 70",South Korea,Not Available,2022,TV-14,63 min,"Crime, Fantasy",Description for Title 70,63,Minutes
s71,TV Show,Title 71,Unknown,"Actor 71, Actress 71",Spain,01-11-2020 00:00,2003,PG,3 Seasons,"Sci-Fi, Crime",Description for Title 71,3,Seasons
s72,TV Show,Title 72,Director 72,"Actor 72, Actress 72",Japan,Not Available,1998,PG,6 Seasons,"Comedy, Thriller",Description for Title 72,6,Seasons
s73,Movie,Title 73,Director 73,"Actor 73, Actress 73",India,Not Available,2016,PG-13,65 min,"Adventure, Horror",Description for Title 73,65,Minutes
s74,Movie,Title 74,Director 74,"Actor 74, Actress 74",United States,05-01-2021 00:00,2008,PG-13,167 min,"Action, Fantasy",Description for Title 74,167,Minutes
s75,Movie,Title 75,Director 75,"Actor 75, Actress 75",United States,Not Available,1991,PG,165 min,"Horror, Adventure",Description for Title 75,165,Minutes
s76,TV Show,Title 76,Director 76,Unknown,Canada,08-04-2016 00:00,2006,PG-13,6 Seasons,"Comedy, Romance",Description for Title 76,6,Seasons
s77,TV Show,Title 77,Director 77,"Actor 77, Actress 77",Japan,Not Available,2015,PG-13,6 Seasons,"Documentary, Thriller",Description for Title 77,6,Seasons
s78,TV Show,Title 78,Director 78,"Actor 78, Actress 78",United States,Not Available,2000,PG,2 Seasons,"Comedy, Horror",Description for Title 78,2,Seasons
s79,TV Show,Title 79,Director 79,"Actor 79, Actress 79",Canada,Not Available,2011,R,10 Seasons,"Documentary, Action",Description for Title 79,10,Seasons
s80,Movie,Title 80,Director 80,"Actor 80, Actress 80",Japan,01-11-2019 00:00,1994,TV-14,134 min,"Drama, Fantasy",Description for Title 80,134,Minutes
s81,TV Show,Title 81,Director 81,"Actor 81, Actress 81",Canada,11-09-2018 00:00,2016,G,7 Seasons,"Romance, Fantasy",Description for Title 81,7,Seasons
s82,TV Show,Title 82,Director 82,"Actor 82, Actress 82",Germany,Not Available,2010,PG-13,9 Seasons,"Action, Horror",Description for Title 82,9,Seasons
s83,TV Show,Title 83,Unknown,"Actor 83, Actress 83",India,09-04-2017 00:00,2009,R,1 Seasons,"Horror, Adventure",Description for Title 83,1,Seasons
s84,TV Show,Title 84,Director 84,Unknown,Japan,Not Available,2021,TV-MA,10 Seasons,"Comedy, Documentary",Description for Title 84,10,Seasons
s85,Movie,Title 85,Director 85,"Actor 85, Actress 85",Canada,01-10-2018 00:00,2001,TV-MA,100 min,"Horror, Action",Description for Title 85,100,Minutes
s86,Movie,Title 86,Director 86,"Actor 86, Actress 86",Japan,Not Available,2007,G,128 min,"Fantasy, Thriller",Description for Title 86,128,Minutes
s87,Movie,Title 87,Director 87,"Actor 87, Actress 87",India,11-03-2015 00:00,1990,G,90 min,"Thriller, Action",Description for Title 87,90,Minutes
s88,Movie,Title 88,Director 88,"Actor 88, Actress 88",United Kingdom,Not Available,2000,R,124 min,"Drama, Sci-Fi",Description for Title 88,124,Minutes
s89,TV Show,Title 89,Director 89,"Actor 89, Actress 89",United States,Not Available,1991,TV-MA,1 Seasons,"Crime, Crime",Description for Title 89,1,Seasons
s90,TV Show,Title 90,Unknown,"Actor 90, Actress 90",Japan,Not Available,1996,G,4 Seasons,"Documentary, Thriller",Description for Title 90,4,Seasons
s91,TV Show,Title 91,Director 91,"Actor 91, Actress 91",Germany,Not Available,2003,PG-13,3 Seasons,"Fantasy, Adventure",Description for Title 91,3,Seasons
s92,TV Show,Title 92,Director 92,"Actor 92, Actress 92",Japan,03-07-2020 00:00,2013,PG-13,4 Seasons,"Action, Action",Description for Title 92,4,Seasons
s93,Movie,Title 93,Director 93,"Actor 93, Actress 93",Japan,Not Available,2005,R,149 min,"Thriller, Sci-Fi",Description for Title 93,149,Minutes
s94,TV Show,Title 94,Director 94,"Actor 94, Actress 94",United Kingdom,Not Available,2014,G,3 Seasons,"Action, Fantasy",Description for Title 94,3,Seasons
s95,TV Show,Title 95,Director 95,"Actor 95, Actress 95",United States,10-06-2020 00:00,2020,PG,10 Seasons,"Thriller, Thriller",Description for Title 95,10,Seasons
s96,Movie,Title 96,Director 96,"Actor 96, Actress 96",United Kingdom,02-11-2017 00:00,2009,R,126 min,"Documentary, Sci-Fi",Description for Title 96,126,Minutes
s97,TV Show,Title 97,Director 97,"Actor 97, Actress 97",United States,Not Available,1992,PG,5 Seasons,"Drama, Action",Description for Title 97,5,Seasons
s98,TV Show,Title 98,Director 98,"Actor 98, Actress 98",United States,03-02-2021 00:00,1999,G,7 Seasons,"Adventure, Horror",Description for Title 98,7,Seasons
s99,TV Show,Title 99,Director 99,"Actor 99, Actress 99",India,12-10-2015 00:00,2003,TV-14,3 Seasons,"Romance, Sci-Fi",Description for Title 99,3,Seasons
s100,Movie,Title 100,Director 100,"Actor 100, Actress 100",Canada,Not Available,2000,TV-MA,90 min,"Crime, Sci-Fi",Description for Title 100,90,Minutes
s101,Movie,Title 101,Director 101,"Actor 101, Actress 101",India,Not Available,1993,TV-14,136 min,"Fantasy, Crime",Description for Title 101,136,Minutes
s102,TV Show,Title 102,Unknown,"Actor 102, Actress 102",India,Not Available,2020,R,5 Seasons,"Crime, Sci-Fi",Description for Title 102,5,Seasons
s103,Movie,Title 103,Director 103,"Actor 103, Actress 103",United Kingdom,Not Available,2024,TV-14,142 min,"Documentary, Crime",Description for Title 103,142,Minutes
s104,TV Show,Title 104,Director 104,"Actor 104, Actress 104",Spain,Not Available,2001,TV-14,4 Seasons,"Romance, Drama",Description for Title 104,4,Seasons
s105,TV Show,Title 105,Unknown,"Actor 105, Actress 105",Japan,07-03-2016 00:00,2010,R,1 Seasons,"Drama, Comedy",Description for Title 105,1,Seasons
s106,TV Show,Title 106,Director 106,"Actor 106, Actress 106",South Korea,Not Available,2018,G,10 Seasons,"Action, Sci-Fi",Description for Title 106,10,Seasons
s107,TV Show,Title 107,Unknown,"Actor 107, Actress 107",India,Not Available,2024,PG-13,2 Seasons,"Thriller, Fantasy",Description for Title 107,2,Seasons
s108,Movie,Title 108,Unknown,"Actor 108, Actress 108",Canada,01-04-2017 00:00,2003,TV-MA,122 min,"Crime, Comedy",Description for Title 108,122,Minutes
s109,TV Show,Title 109,Director 109,"Actor 109, Actress 109",Germany,04-11-2024 00:00,2024,G,4 Seasons,"Action, Adventure",Description for Title 109,4,Seasons
s110,Movie,Title 110,Director 110,"Actor 110, Actress 110",Spain,Not Available,2010,TV-14,170 min,"Romance, Horror",Description for Title 110,170,Minutes
s111,Movie,Title 111,Unknown,"Actor 111, Actress 111",United Kingdom,Not Available,2019,PG-13,149 min,"Romance, Adventure",Description for Title 111,149,Minutes
s112,Movie,Title 112,Director 112,"Actor 112, Actress 112",United States,Not Available,2010,TV-14,161 min,"Documentary, Thriller",Description for Title 112,161,Minutes
s113,TV Show,Title 113,Unknown,"Actor 113, Actress 113",South Korea,Not Available,2015,R,9 Seasons,"Romance, Documentary",Description for Title 113,9,Seasons
s114,TV Show,Title 114,Director 114,Unknown,United States,Not Available,1994,R,5 Seasons,"Thriller, Documentary",Description for Title 114,5,Seasons
s115,TV Show,Title 115,Director 115,"Actor 115, Actress 115",Germany,09-01-2015 00:00,2006,PG,1 Seasons,"Crime, Fantasy",Description for Title 115,1,Seasons
s116,Movie,Title 116,Director 116,"Actor 116, Actress 116",United States,04-12-2019 00:00,2010,G,176 min,"Comedy, Action",Description for Title 116,176,Minutes
s117,Movie,Title 117,Director 117,"Actor 117, Actress 117",United Kingdom,Not Available,2010,PG-13,142 min,"Crime, Adventure",Description for Title 117,142,Minutes
s118,TV Show,Title 118,Director 118,"Actor 118, Actress 118",Spain,Not Available,2004,G,10 Seasons,"Fantasy, Comedy",Description for Title 118,10,Seasons
s119,Movie,Title 119,Director 119,Unknown,United Kingdom,07-09-2017 00:00,1994,R,171 min,"Documentary, Romance",Description for Title 119,171,Minutes
s120,Movie,Title 120,Director 120,"Actor 120, Actress 120",Germany,08-03-2017 00:00,2001,R,139 min,"Crime, Drama",Description for Title 120,139,Minutes
s121,TV Show,Title 121,Director 121,"Actor 121, Actress 121",India,10-10-2018 00:00,1995,R,10 Seasons,"Horror, Thriller",Description for Title 121,10,Seasons
s122,TV Show,Title 122,Director 122,"Actor 122, Actress 122",India,02-11-2017 00:00,1994,TV-MA,2 Seasons,"Adventure, Sci-Fi",Description for Title 122,2,Seasons
s123,TV Show,Title 123,Director 123,"Actor 123, Actress 123",Spain,Not Available,2006,PG-13,3 Seasons,"Comedy, Documentary",Description for Title 123,3,Seasons
s124,Movie,Title 124,Director 124,"Actor 124, Actress 124",Canada,08-08-2017 00:00,1994,TV-MA,91 min,"Crime, Horror",Description for Title 124,91,Minutes
s125,Movie,Title 125,Director 125,"Actor 125, Actress 125",South Korea,06-02-2024 00:00,1992,TV-14,140 min,"Adventure, Crime",Description for Title 125,140,Minutes
s126,Movie,Title 126,Director 126,"Actor 126, Actress 126",India,Not Available,2016,PG-13,176 min,"Thriller, Adventure",Description for Title 126,176,Minutes
s127,Movie,Title 127,Unknown,"Actor 127, Actress 127",Japan,Not Available,1994,TV-MA,151 min,"Comedy, Drama",Description for Title 127,151,Minutes
s128,TV Show,Title 128,Director 128,"Actor 128, Actress 128",United States,07-10-2024 00:00,1991,R,9 Seasons,"Documentary, Drama",Description for Title 128,9,Seasons
s129,Movie,Title 129,Director 129,"Actor 129, Actress 129",United Kingdom,Not Available,2002,TV-14,159 min,"Documentary, Drama",Description for Title 129,159,Minutes
s130,Movie,Title 130,Director 130,"Actor 130, Actress 130",Germany,Not Available,1995,TV-MA,147 min,"Comedy, Romance",Description for Title 130,147,Minutes
s131,TV Show,Title 131,Director 131,"Actor 131, Actress 131",Canada,Not Available,2019,PG,10 Seasons,"Fantasy, Crime",Description for Title 131,10,Seasons
s132,Movie,Title 132,Director 132,"Actor 132, Actress 132",South Korea,07-02-2020 00:00,2021,G,63 min,"Thriller, Comedy",Description for Title 132,63,Minutes
s133,TV Show,Title 133,Director 133,"Actor 133, Actress 133",United States,Not Available,2012,PG-13,3 Seasons,"Adventure, Fantasy",Description for Title 133,3,Seasons
s134,TV Show,Title 134,Director 134,"Actor 134, Actress 134",Canada,Not Available,2014,R,2 Seasons,"Action, Romance",Description for Title 134,2,Seasons
s135,TV Show,Title 135,Unknown,"Actor 135, Actress 135",United Kingdom,05-10-2021 00:00,2006,R,6 Seasons,"Fantasy, Comedy",Description for Title 135,6,Seasons
s136,Movie,Title 136,Director 136,"Actor 136, Actress 136",Spain,04-10-2015 00:00,1993,R,140 min,"Action, Comedy",Description for Title 136,140,Minutes
s137,TV Show,Title 137,Director 137,"Actor 137, Actress 137",Japan,09-10-2015 00:00,2008,G,10 Seasons,"Horror, Thriller",Description for Title 137,10,Seasons
s138,TV Show,Title 138,Director 138,"Actor 138, Actress 138",Germany,03-02-2024 00:00,2003,PG-13,5 Seasons,"Horror, Drama",Description for Title 138,5,Seasons
s139,Movie,Title 139,Director 139,"Actor 139, Actress 139",United Kingdom,Not Available,1992,TV-MA,107 min,"Documentary, Romance",Description for Title 139,107,Minutes
s140,TV Show,Title 140,Director 140,Unknown,Spain,12-04-2020 00:00,2020,TV-MA,4 Seasons,"Fantasy, Comedy",Description for Title 140,4,Seasons
s141,Movie,Title 141,Director 141,"Actor 141, Actress 141",South Korea,11-11-2020 00:00,2014,PG,107 min,"Action, Thriller",Description for Title 141,107,Minutes
s142,Movie,Title 142,Director 142,"Actor 142, Actress 142",South Korea,Not Available,2012,PG-13,144 min,"Sci-Fi, Fantasy",Description for Title 142,144,Minutes
s143,TV Show,Title 143,Director 143,"Actor 143, Actress 143",United Kingdom,08-03-2019 00:00,2020,TV-14,5 Seasons,"Adventure, Drama",Description for Title 143,5,Seasons
s144,Movie,Title 144,Unknown,"Actor 144, Actress 144",Japan,Not Available,1994,TV-14,152 min,"Documentary, Fantasy",Description for Title 144,152,Minutes
s145,TV Show,Title 145,Unknown,"Actor 145, Actress 145",United Kingdom,Not Available,1990,R,5 Seasons,"Adventure, Documentary",Description for Title 145,5,Seasons
s146,TV Show,Title 146,Director 146,"Actor 146, Actress 146",United Kingdom,06-02-2021 00:00,2024,TV-14,5 Seasons,"Sci-Fi, Drama",Description for Title 146,5,Seasons
s147,Movie,Title 147,Director 147,Unknown,Canada,Not Available,2021,TV-14,69 min,"Horror, Thriller",Description for Title 147,69,Minutes
s148,Movie,Title 148,Director 148,"Actor 148, Actress 148",United Kingdom,Not Available,2001,PG,82 min,"Fantasy, Drama",Description for Title 148,82,Minutes
s149,TV Show,Title 149,Unknown,"Actor 149, Actress 149",South Korea,Not Available,2007,TV-MA,2 Seasons,"Adventure, Horror",Description for Title 149,2,Seasons
s150,TV Show,Title 150,Director 150,"Actor 150, Actress 150",United States,Not Available,2015,TV-14,1 Seasons,"Horror, Adventure",Description for Title 150,1,Seasons
s151,Movie,Title 151,Unknown,Unknown,United Kingdom,01-04-2024 00:00,2004,G,136 min,"Fantasy, Horror",Description for Title 151,136,Minutes
s152,Movie,Title 152,Director 152,"Actor 152, Actress 152",Canada,08-11-2021 00:00,1999,TV-14,60 min,"Crime, Crime",Description for Title 152,60,Minutes
s153,Movie,Title 153,Director 153,"Actor 153, Actress 153",Japan,Not Available,2022,TV-MA,153 min,"Documentary, Documentary",Description for Title 153,153,Minutes
s154,TV Show,Title 154,Director 154,"Actor 154, Actress 154",Spain,09-06-2021 00:00,1997,TV-14,6 Seasons,"Horror, Romance",Description for Title 154,6,Seasons
s155,TV Show,Title 155,Unknown,"Actor 155, Actress 155",South Korea,Not Available,2004,PG-13,9 Seasons,"Crime, Crime",Description for Title 155,9,Seasons
s156,Movie,Title 156,Unknown,"Actor 156, Actress 156",India,05-03-2023 00:00,2015,R,77 min,"Documentary, Action",Description for Title 156,77,Minutes
s157,Movie,Title 157,Director 157,Unknown,South Korea,Not Available,1992,G,146 min,"Sci-Fi, Romance",Description for Title 157,146,Minutes
s158,TV Show,Title 158,Director 158,"Actor 158, Actress 158",South Korea,Not Available,2018,G,6 Seasons,"Action, Sci-Fi",Description for Title 158,6,Seasons
s159,TV Show,Title 159,Unknown,Unknown,India,Not Available,1992,PG-13,9 Seasons,"Horror, Fantasy",Description for Title 159,9,Seasons
s160,TV Show,Title 160,Unknown,"Actor 160, Actress 160",South Korea,Not Available,2014,TV-MA,10 Seasons,"Horror, Thriller",Description for Title 160,10,Seasons
s161,Movie,Title 161,Director 161,"Actor 161, Actress 161",India,Not Available,1993,PG-13,166 min,"Drama, Thriller",Description for Title 161,166,Minutes
s162,TV Show,Title 162,Director 162,"Actor 162, Actress 162",United States,Not Available,2021,PG,5 Seasons,"Adventure, Romance",Description for Title 162,5,Seasons
s163,Movie,Title 163,Director 163,"Actor 163, Actress 163",Spain,10-10-2015 00:00,2009,R,94 min,"Comedy, Action",Description for Title 163,94,Minutes
s164,Movie,Title 164,Director 164,"Actor 164, Actress 164",Canada,Not Available,2009,R,61 min,"Action, Crime",Description for Title 164,61,Minutes
s165,Movie,Title 165,Director 165,"Actor 165, Actress 165",Germany,Not Available,2001,PG-13,120 min,"Thriller, Horror",Description for Title 165,120,Minutes
s166,TV Show,Title 166,Director 166,"Actor 166, Actress 166",South Korea,Not Available,2012,TV-MA,3 Seasons,"Documentary, Thriller",Description for Title 166,3,Seasons
s167,TV Show,Title 167,Director 167,"Actor 167, Actress 167",South Korea,Not Available,2015,PG-13,2 Seasons,"Drama, Thriller",Description for Title 167,2,Seasons
s168,Movie,Title 168,Director 168,"Actor 168, Actress 168",Germany,Not Available,2021,G,134 min,"Drama, Romance",Description for Title 168,134,Minutes
s169,TV Show,Title 169,Director 169,"Actor 169, Actress 169",South Korea,Not Available,2012,R,8 Seasons,"Thriller, Comedy",Description for Title 169,8,Seasons
s170,Movie,Title 170,Director 170,"Actor 170, Actress 170",United States,Not Available,1993,PG,81 min,"Horror, Romance",Description for Title 170,81,Minutes
s171,Movie,Title 171,Director 171,"Actor 171, Actress 171",Japan,Not Available,1990,PG-13,70 min,"Action, Romance",Description for Title 171,70,Minutes
s172,TV Show,Title 172,Director 172,"Actor 172, Actress 172",Canada,Not Available,1995,G,8 Seasons,"Adventure, Crime",Description for Title 172,8,Seasons
s173,Movie,Title 173,Director 173,Unknown,Canada,06-04-2022 00:00,2006,PG,163 min,"Comedy, Documentary",Description for Title 173,163,Minutes
s174,Movie,Title 174,Director 174,"Actor 174, Actress 174",Canada,04-11-2021 00:00,2015,G,177 min,"Sci-Fi, Adventure",Description for Title 174,177,Minutes
s175,Movie,Title 175,Director 175,"Actor 175, Actress 175",United States,Not Available,2009,TV-14,173 min,"Drama, Adventure",Description for Title 175,173,Minutes
s176,TV Show,Title 176,Director 176,"Actor 176, Actress 176",Spain,Not Available,2011,TV-14,7 Seasons,"Romance, Sci-Fi",Description for Title 176,7,Seasons
s177,Movie,Title 177,Director 177,"Actor 177, Actress 177",Spain,Not Available,2005,TV-MA,80 min,"Adventure, Romance",Description for Title 177,80,Minutes
s178,TV Show,Title 178,Unknown,"Actor 178, Actress 178",Spain,05-08-2018 00:00,2018,PG-13,8 Seasons,"Adventure, Thriller",Description for Title 178,8,Seasons
s179,Movie,Title 179,Director 179,"Actor 179, Actress 179",United Kingdom,08-03-2022 00:00,2023,PG,76 min,"Fantasy, Fantasy",Description for Title 179,76,Minutes
s180,Movie,Title 180,Director 180,"Actor 180, Actress 180",Germany,Not Available,2024,TV-14,173 min,"Sci-Fi, Adventure",Description for Title 180,173,Minutes
s181,TV Show,Title 181,Unknown,"Actor 181, Actress 181",South Korea,Not Available,2004,PG-13,9 Seasons,"Crime, Romance",Description for Title 181,9,Seasons
s182,TV Show,Title 182,Unknown,"Actor 182, Actress 182",Spain,01-06-2016 00:00,2012,G,5 Seasons,"Crime, Drama",Description for Title 182,5,Seasons
s183,TV Show,Title 183,Director 183,Unknown,Germany,Not Available,2020,TV-14,3 Seasons,"Action, Documentary",Description for Title 183,3,Seasons
s184,TV Show,Title 184,Unknown,"Actor 184, Actress 184",South Korea,02-03-2020 00:00,1997,PG,6 Seasons,"Horror, Horror",Description for Title 184,6,Seasons
s185,TV Show,Title 185,Director 185,"Actor 185, Actress 185",Canada,Not Available,2021,PG-13,8 Seasons,"Crime, Adventure",Description for Title 185,8,Seasons
s186,Movie,Title 186,Director 186,Unknown,United States,Not Available,1990,PG-13,177 min,"Drama, Documentary",Description for Title 186,177,Minutes
s187,TV Show,Title 187,Director 187,"Actor 187, Actress 187",United Kingdom,10-01-2023 00:00,2006,G,5 Seasons,"Action, Fantasy",Description for Title 187,5,Seasons
s188,TV Show,Title 188,Director 188,"Actor 188, Actress 188",India,02-09-2023 00:00,2016,R,8 Seasons,"Drama, Action",Description for Title 188,8,Seasons
s189,TV Show,Title 189,Unknown,"Actor 189, Actress 189",South Korea,Not Available,2018,TV-MA,6 Seasons,"Crime, Crime",Description for Title 189,6,Seasons
s190,Movie,Title 190,Director 190,"Actor 190, Actress 190",Germany,Not Available,1997,G,67 min,"Crime, Fantasy",Description for Title 190,67,Minutes
s191,TV Show,Title 191,Director 191,Unknown,Canada,Not Available,2013,PG-13,2 Seasons,"Action, Adventure",Description for Title 191,2,Seasons
s192,Movie,Title 192,Unknown,"Actor 192, Actress 192",Canada,Not Available,2003,R,158 min,"Romance, Sci-Fi",Description for Title 192,158,Minutes
s193,TV Show,Title 193,Unknown,Unknown,Japan,Not Available,1996,PG-13,1 Seasons,"Adventure, Crime",Description for Title 193,1,Seasons
s194,Movie,Title 194,Director 194,"Actor 194, Actress 194",South Korea,12-07-2020 00:00,2014,PG-13,132 min,"Comedy, Comedy",Description for Title 194,132,Minutes
s195,TV Show,Title 195,Director 195,Unknown,Spain,Not Available,2005,R,8 Seasons,"Horror, Crime",Description for Title 195,8,Seasons
s196,Movie,Title 196,Director 196,"Actor 196, Actress 196",South Korea,Not Available,1998,TV-14,128 min,"Romance, Action",Description for Title 196,128,Minutes
s197,TV Show,Title 197,Director 197,"Actor 197, Actress 197",Germany,03-06-2024 00:00,2020,G,7 Seasons,"Horror, Drama",Description for Title 197,7,Seasons
s198,Movie,Title 198,Director 198,"Actor 198, Actress 198",South Korea,Not Available,2021,TV-MA,148 min,"Thriller, Documentary",Description for Title 198,148,Minutes
s199,TV Show,Title 199,Director 199,Unknown,Spain,Not Available,2016,TV-MA,4 Seasons,"Drama, Documentary",Description for Title 199,4,Seasons
s200,Movie,Title 200,Unknown,"Actor 200, Actress 200",India,09-02-2016 00:00,2000,R,147 min,"Romance, Comedy",Description for Title 200,147,Minutes
s201,Movie,Title 201,Unknown,Unknown,United Kingdom,Not Available,1995,TV-14,89 min,"Documentary, Drama",Description for Title 201,89,Minutes
s202,Movie,Title 202,Director 202,"Actor 202, Actress 202",United States,Not Available,2006,PG,85 min,"Crime, Adventure",Description for Title 202,85,Minutes
s203,TV Show,Title 203,Director 203,Unknown,Germany,Not Available,2023,TV-MA,5 Seasons,"Sci-Fi, Adventure",Description for Title 203,5,Seasons
s204,Movie,Title 204,Director 204,"Actor 204, Actress 204",United States,Not Available,1998,TV-14,64 min,"Romance, Horror",Description for Title 204,64,Minutes
s205,Movie,Title 205,Unknown,"Actor 205, Actress 205",Germany,03-07-2015 00:00,1992,PG-13,72 min,"Comedy, Thriller",Description for Title 205,72,Minutes
s206,Movie,Title 206,Director 206,"Actor 206, Actress 206",India,Not Available,2016,PG,72 min,"Romance, Comedy",Description for Title 206,72,Minutes
s207,Movie,Title 207,Director 207,"Actor 207, Actress 207",United States,04-01-2020 00:00,2014,R,101 min,"Horror, Documentary",Description for Title 207,101,Minutes
s208,TV Show,Title 208,Director 208,"Actor 208, Actress 208",Canada,Not Available,2001,TV-MA,2 Seasons,"Action, Romance",Description for Title 208,2,Seasons
s209,Movie,Title 209,Unknown,"Actor 209, Actress 209",Spain,05-12-2022 00:00,1998,R,100 min,"Comedy, Horror",Description for Title 209,100,Minutes
s210,Movie,Title 210,Director 210,"Actor 210, Actress 210",Canada,Not Available,2010,PG,106 min,"Thriller, Action",Description for Title 210,106,Minutes
s211,Movie,Title 211,Director 211,Unknown,United Kingdom,Not Available,2010,R,175 min,"Sci-Fi, Drama",Description for Title 211,175,Minutes
s212,Movie,Title 212,Director 212,"Actor 212, Actress 212",Canada,12-09-2021 00:00,2008,PG-13,157 min,"Romance, Fantasy",Description for Title 212,157,Minutes
s213,TV Show,Title 213,Director 213,"Actor 213, Actress 213",United States,Not Available,1998,PG,3 Seasons,"Drama, Drama",Description for Title 213,3,Seasons
s214,Movie,Title 214,Director 214,"Actor 214, Actress 214",India,Not Available,2007,PG,154 min,"Action, Horror",Description for Title 214,154,Minutes
s215,TV Show,Title 215,Director 215,"Actor 215, Actress 215",United States,05-01-2021 00:00,2006,G,7 Seasons,"Documentary, Sci-Fi",Description for Title 215,7,Seasons
s216,Movie,Title 216,Director 216,"Actor 216, Actress 216",Germany,08-05-2018 00:00,2017,TV-MA,77 min,"Crime, Thriller",Description for Title 216,77,Minutes
s217,Movie,Title 217,Director 217,Unknown,Canada,01-08-2023 00:00,1990,PG,61 min,"Drama, Drama",Description for Title 217,61,Minutes
s218,TV Show,Title 218,Director 218,"Actor 218, Actress 218",South Korea,Not Available,1998,TV-14,3 Seasons,"Drama, Sci-Fi",Description for Title 218,3,Seasons
s219,TV Show,Title 219,Director 219,"Actor 219, Actress 219",Germany,Not Available,2012,PG,6 Seasons,"Drama, Action",Description for Title 219,6,Seasons
s220,Movie,Title 220,Director 220,"Actor 220, Actress 220",United States,Not Available,2006,TV-MA,161 min,"Sci-Fi, Fantasy",Description for Title 220,161,Minutes
s221,TV Show,Title 221,Director 221,"Actor 221, Actress 221",Japan,Not Available,2004,PG,7 Seasons,"Fantasy, Drama",Description for Title 221,7,Seasons
s222,TV Show,Title 222,Director 222,"Actor 222, Actress 222",Germany,Not Available,1993,PG,8 Seasons,"Adventure, Thriller",Description for Title 222,8,Seasons
s223,TV Show,Title 223,Unknown,"Actor 223, Actress 223",United Kingdom,Not Available,1998,TV-14,9 Seasons,"Adventure, Sci-Fi",Description for Title 223,9,Seasons
s224,Movie,Title 224,Director 224,"Actor 224, Actress 224",South Korea,Not Available,1998,PG-13,173 min,"Action, Comedy",Description for Title 224,173,Minutes
s225,Movie,Title 225,Director 225,"Actor 225, Actress 225",Japan,03-07-2020 00:00,1992,R,172 min,"Horror, Documentary",Description for Title 225,172,Minutes
s226,Movie,Title 226,Director 226,"Actor 226, Actress 226",Japan,Not Available,2006,TV-14,154 min,"Fantasy, Crime",Description for Title 226,154,Minutes
s227,Movie,Title 227,Director 227,Unknown,Germany,Not Available,1991,PG-13,133 min,"Adventure, Adventure",Description for Title 227,133,Minutes
s228,Movie,Title 228,Director 228,"Actor 228, Actress 228",Canada,Not Available,1990,PG,123 min,"Action, Drama",Description for Title 228,123,Minutes
s229,Movie,Title 229,Director 229,Unknown,Germany,Not Available,2013,TV-14,107 min,"Romance, Documentary",Description for Title 229,107,Minutes
s230,TV Show,Title 230,Director 230,"Actor 230, Actress 230",United Kingdom,07-01-2023 00:00,2017,PG-13,2 Seasons,"Romance, Comedy",Description for Title 230,2,Seasons
s231,Movie,Title 231,Director 231,"Actor 231, Actress 231",Japan,Not Available,2008,R,163 min,"Adventure, Crime",Description for Title 231,163,Minutes
s232,TV Show,Title 232,Director 232,"Actor 232, Actress 232",Spain,09-08-2024 00:00,1994,TV-MA,1 Seasons,"Romance, Comedy",Description for Title 232,1,Seasons
s233,Movie,Title 233,Unknown,"Actor 233, Actress 233",Canada,Not Available,2018,TV-MA,112 min,"Crime, Documentary",Description for Title 233,112,Minutes
s234,Movie,Title 234,Director 234,"Actor 234, Actress 234",Japan,Not Available,2003,G,111 min,"Comedy, Drama",Description for Title 234,111,Minutes
s235,Movie,Title 235,Director 235,"Actor 235, Actress 235",United Kingdom,Not Available,2015,PG,64 min,"Horror, Horror",Description for Title 235,64,Minutes
s236,Movie,Title 236,Director 236,"Actor 236, Actress 236",Japan,Not Available,2004,TV-14,75 min,"Fantasy, Romance",Description for Title 236,75,Minutes
s237,Movie,Title 237,Director 237,"Actor 237, Actress 237",Spain,Not Available,1995,PG-13,99 min,"Comedy, Horror",Description for Title 237,99,Minutes
s238,Movie,Title 238,Director 238,"Actor 238, Actress 238",India,Not Available,2007,PG,91 min,"Horror, Adventure",Description for Title 238,91,Minutes
s239,Movie,Title 239,Director 239,"Actor 239, Actress 239",Germany,Not Available,1995,R,139 min,"Documentary, Thriller",Description for Title 239,139,Minutes
s240,Movie,Title 240,Director 240,"Actor 240, Actress 240",South Korea,12-08-2017 00:00,2022,PG-13,131 min,"Romance, Adventure",Description for Title 240,131,Minutes
s241,TV Show,Title 241,Director 241,"Actor 241, Actress 241",Canada,Not Available,1998,PG-13,9 Seasons,"Sci-Fi, Documentary",Description for Title 241,9,Seasons
s242,Movie,Title 242,Director 242,"Actor 242, Actress 242",United States,Not Available,2009,TV-14,74 min,"Drama, Comedy",Description for Title 242,74,Minutes
s243,Movie,Title 243,Director 243,"Actor 243, Actress 243",Japan,Not Available,2007,PG-13,89 min,"Drama, Documentary",Description for Title 243,89,Minutes
s244,Movie,Title 244,Director 244,"Actor 244, Actress 244",South Korea,07-02-2015 00:00,2001,PG,104 min,"Horror, Comedy",Description for Title 244,104,Minutes
s245,Movie,Title 245,Director 245,"Actor 245, Actress 245",India,10-05-2015 00:00,2008,PG,115 min,"Crime, Documentary",Description for Title 245,115,Minutes
s246,Movie,Title 246,Director 246,"Actor 246, Actress 246",India,Not Available,2012,TV-14,81 min,"Comedy, Thriller",Description for Title 246,81,Minutes
s247,Movie,Title 247,Director 247,"Actor 247, Actress 247",Germany,Not Available,2016,PG,149 min,"Comedy, Adventure",Description for Title 247,149,Minutes
s248,TV Show,Title 248,Director 248,"Actor 248, Actress 248",India,Not Available,2005,PG,7 Seasons,"Sci-Fi, Romance",Description for Title 248,7,Seasons
s249,TV Show,Title 249,Director 249,"Actor 249, Actress 249",Japan,11-04-2021 00:00,2009,R,10 Seasons,"Fantasy, Comedy",Description for Title 249,10,Seasons
s250,TV Show,Title 250,Director 250,"Actor 250, Actress 250",India,Not Available,2018,R,9 Seasons,"Adventure, Fantasy",Description for Title 250,9,Seasons
s251,TV Show,Title 251,Unknown,"Actor 251, Actress 251",Japan,04-07-2023 00:00,1992,G,5 Seasons,"Comedy, Thriller",Description for Title 251,5,Seasons
s252,Movie,Title 252,Unknown,"Actor 252, Actress 252",Japan,06-04-2019 00:00,1999,G,180 min,"Fantasy, Comedy",Description for Title 252,180,Minutes
s253,Movie,Title 253,Director 253,"Actor 253, Actress 253",Japan,Not Available,2005,G,178 min,"Crime, Thriller",Description for Title 253,178,Minutes
s254,Movie,Title 254,Director 254,"Actor 254, Actress 254",United Kingdom,Not Available,1998,G,164 min,"Comedy, Documentary",Description for Title 254,164,Minutes
s255,Movie,Title 255,Unknown,"Actor 255, Actress 255",India,Not Available,2023,R,141 min,"Adventure, Crime",Description for Title 255,141,Minutes
s256,Movie,Title 256,Director 256,"Actor 256, Actress 256",Germany,Not Available,1993,TV-MA,70 min,"Crime, Sci-Fi",Description for Title 256,70,Minutes
s257,Movie,Title 257,Director 257,"Actor 257, Actress 257",Canada,Not Available,1992,G,63 min,"Sci-Fi, Sci-Fi",Description for Title 257,63,Minutes
s258,Movie,Title 258,Director 258,"Actor 258, Actress 258",Japan,Not Available,2014,TV-MA,133 min,"Documentary, Thriller",Description for Title 258,133,Minutes
s259,TV Show,Title 259,Director 259,Unknown,Canada,Not Available,2000,PG,7 Seasons,"Adventure, Sci-Fi",Description for Title 259,7,Seasons
s260,Movie,Title 260,Director 260,"Actor 260, Actress 260",India,04-09-2016 00:00,2011,R,152 min,"Crime, Drama",Description for Title 260,152,Minutes
s261,TV Show,Title 261,Director 261,"Actor 261, Actress 261",United Kingdom,03-04-2018 00:00,1991,G,1 Seasons,"Fantasy, Documentary",Description for Title 261,1,Seasons
s262,TV Show,Title 262,Director 262,Unknown,United States,Not Available,1998,TV-MA,2 Seasons,"Horror, Comedy",Description for Title 262,2,Seasons
s263,TV Show,Title 263,Unknown,Unknown,United Kingdom,Not Available,1993,TV-14,2 Seasons,"Fantasy, Drama",Description for Title 263,2,Seasons
s264,TV Show,Title 264,Director 264,"Actor 264, Actress 264",Germany,Not Available,1991,PG-13,6 Seasons,"Sci-Fi, Adventure",Description for Title 264,6,Seasons
s265,Movie,Title 265,Director 265,Unknown,United States,Not Available,2018,PG-13,139 min,"Romance, Horror",Description for Title 265,139,Minutes
s266,Movie,Title 266,Director 266,"Actor 266, Actress 266",South Korea,Not Available,2019,TV-MA,113 min,"Adventure, Horror",Description for Title 266,113,Minutes
s267,TV Show,Title 267,Director 267,"Actor 267, Actress 267",United Kingdom,Not Available,2012,PG,5 Seasons,"Crime, Sci-Fi",Description for Title 267,5,Seasons
s268,Movie,Title 268,Director 268,"Actor 268, Actress 268",United Kingdom,02-05-2024 00:00,2015,PG,132 min,"Horror, Sci-Fi",Description for Title 268,132,Minutes
s269,TV Show,Title 269,Unknown,"Actor 269, Actress 269",Canada,Not Available,2014,TV-14,8 Seasons,"Romance, Comedy",Description for Title 269,8,Seasons
s270,TV Show,Title 270,Director 270,"Actor 270, Actress 270",Spain,Not Available,2005,PG-13,8 Seasons,"Sci-Fi, Sci-Fi",Description for Title 270,8,Seasons
s271,Movie,Title 271,Director 271,"Actor 271, Actress 271",Germany,10-08-2017 00:00,2003,G,65 min,"Romance, Romance",Description for Title 271,65,Minutes
s272,TV Show,Title 272,Unknown,"Actor 272, Actress 272",Canada,Not Available,2024,PG-13,8 Seasons,"Drama, Romance",Description for Title 272,8,Seasons
s273,TV Show,Title 273,Director 273,"Actor 273, Actress 273",Canada,02-08-2024 00:00,1993,PG-13,6 Seasons,"Drama, Fantasy",Description for Title 273,6,Seasons
s274,TV Show,Title 274,Director 274,"Actor 274, Actress 274",Spain,Not Available,1998,TV-MA,6 Seasons,"Romance, Thriller",Description for Title 274,6,Seasons
s275,TV Show,Title 275,Director 275,"Actor 275, Actress 275",Japan,02-08-2016 00:00,2014,PG-13,9 Seasons,"Adventure, Adventure",Description for Title 275,9,Seasons
s276,Movie,Title 276,Unknown,"Actor 276, Actress 276",Canada,05-02-2016 00:00,2010,TV-MA,110 min,"Drama, Thriller",Description for Title 276,110,Minutes
s277,TV Show,Title 277,Director 277,"Actor 277, Actress 277",Japan,12-03-2022 00:00,2016,PG-13,4 Seasons,"Romance, Horror",Description for Title 277,4,Seasons
s278,TV Show,Title 278,Director 278,"Actor 278, Actress 278",United Kingdom,Not Available,1991,PG-13,4 Seasons,"Drama, Adventure",Description for Title 278,4,Seasons
s279,Movie,Title 279,Director 279,"Actor 279, Actress 279",Japan,01-11-2023 00:00,2007,G,65 min,"Romance, Sci-Fi",Description for Title 279,65,Minutes
s280,Movie,Title 280,Director 280,"Actor 280, Actress 280",United States,04-08-2023 00:00,2000,PG,127 min,"Crime, Documentary",Description for Title 280,127,Minutes
s281,TV Show,Title 281,Unknown,"Actor 281, Actress 281",Germany,07-04-2019 00:00,2018,TV-MA,10 Seasons,"Adventure, Comedy",Description for Title 281,10,Seasons
s282,TV Show,Title 282,Director 282,"Actor 282, Actress 282",Canada,06-01-2021 00:00,2009,G,10 Seasons,"Documentary, Crime",Description for Title 282,10,Seasons
s283,TV Show,Title 283,Director 283,Unknown,United States,08-08-2018 00:00,2019,G,7 Seasons,"Adventure, Comedy",Description for Title 283,7,Seasons
s284,Movie,Title 284,Director 284,"Actor 284, Actress 284",Spain,12-02-2022 00:00,1994,TV-14,64 min,"Romance, Comedy",Description for Title 284,64,Minutes
s285,TV Show,Title 285,Director 285,"Actor 285, Actress 285",India,Not Available,1993,R,9 Seasons,"Documentary, Thriller",Description for Title 285,9,Seasons
s286,Movie,Title 286,Director 286,"Actor 286, Actress 286",Canada,Not Available,2024,TV-14,102 min,"Adventure, Documentary",Description for Title 286,102,Minutes
s287,Movie,Title 287,Director 287,"Actor 287, Actress 287",Canada,12-09-2023 00:00,1990,R,127 min,"Thriller, Thriller",Description for Title 287,127,Minutes
s288,TV Show,Title 288,Director 288,"Actor 288, Actress 288",United Kingdom,01-08-2022 00:00,2024,PG,5 Seasons,"Sci-Fi, Thriller",Description for Title 288,5,Seasons
s289,TV Show,Title 289,Director 289,"Actor 289, Actress 289",United States,03-06-2022 00:00,2013,R,6 Seasons,"Romance, Fantasy",Description for Title 289,6,Seasons
s290,TV Show,Title 290,Director 290,Unknown,United States,11-11-2016 00:00,2005,TV-14,7 Seasons,"Sci-Fi, Thriller",Description for Title 290,7,Seasons
s291,Movie,Title 291,Director 291,"Actor 291, Actress 291",Japan,Not Available,1993,PG-13,168 min,"Romance, Horror",Description for Title 291,168,Minutes
s292,TV Show,Title 292,Director 292,"Actor 292, Actress 292",United Kingdom,08-04-2016 00:00,2018,PG,10 Seasons,"Action, Documentary",Description for Title 292,10,Seasons
s293,Movie,Title 293,Director 293,"Actor 293, Actress 293",South Korea,Not Available,1990,PG-13,133 min,"Crime, Sci-Fi",Description for Title 293,133,Minutes
s294,TV Show,Title 294,Director 294,Unknown,Germany,04-03-2017 00:00,2008,TV-MA,4 Seasons,"Sci-Fi, Horror",Description for Title 294,4,Seasons
s295,TV Show,Title 295,Director 295,"Actor 295, Actress 295",India,Not Available,1999,R,7 Seasons,"Thriller, Thriller",Description for Title 295,7,Seasons
s296,Movie,Title 296,Director 296,"Actor 296, Actress 296",United States,Not Available,2008,G,163 min,"Drama, Crime",Description for Title 296,163,Minutes
s297,TV Show,Title 297,Director 297,"Actor 297, Actress 297",South Korea,02-08-2021 00:00,2014,R,8 Seasons,"Thriller, Sci-Fi",Description for Title 297,8,Seasons
s298,Movie,Title 298,Director 298,"Actor 298, Actress 298",Japan,Not Available,1991,TV-MA,79 min,"Comedy, Thriller",Description for Title 298,79,Minutes
s299,TV Show,Title 299,Director 299,"Actor 299, Actress 299",Canada,Not Available,1992,PG-13,4 Seasons,"Documentary, Adventure",Description for Title 299,4,Seasons
s300,TV Show,Title 300,Director 300,"Actor 300, Actress 300",United Kingdom,05-01-2017 00:00,2013,R,2 Seasons,"Sci-Fi, Romance",Description for Title 300,2,Seasons
